"Message",Low,"正在启动 .NET Native 编译"
"Message",Low,""
"Message",Low,""
"Message",Low,"任务 ""Gatekeeper"""
"Message",Normal,"正在启动“C:\Users\37095\.nuget\packages\runtime.win10-x64.microsoft.net.native.compiler\2.2.10-rel-29722-00\tools\x64\ilc\ilc.exe --gatekeeper @""F:\Note优化\Note重构\Note优化版\Note.InkCanvasEx\obj\x64\Release\ilc\intermediate\gkargs.rsp""”"
"Message",Low,"Microsoft (R) .NET Native ���������汾 2.2.29722.00 "
"Message",Low,"Copyright (C) Microsoft Corporation.  All rights reserved. "
"Message",Low," "
"Message",Low,"���ڼ����򼯡�F:\Note�Ż�\Note�ع�\Note�Ż���\Note.InkCanvasEx\obj\x64\Release\ilc\in\DeviceId.dll����  "
"Message",Low,"���ڼ����򼯡�F:\Note�Ż�\Note�ع�\Note�Ż���\Note.InkCanvasEx\obj\x64\Release\ilc\in\DeviceId.Windows.dll����  "
"Message",Low,"���ڼ����򼯡�F:\Note�Ż�\Note�ع�\Note�Ż���\Note.InkCanvasEx\obj\x64\Release\ilc\in\DeviceId.Windows.Wmi.dll����  "
"Message",Low,"���ڼ����򼯡�F:\Note�Ż�\Note�ع�\Note�Ż���\Note.InkCanvasEx\obj\x64\Release\ilc\in\Microsoft.DotNet.PlatformAbstractions.dll����  "
"Message",Low,"���ڼ����򼯡�F:\Note�Ż�\Note�ع�\Note�Ż���\Note.InkCanvasEx\obj\x64\Release\ilc\in\Microsoft.Graphics.Canvas.winmd����  "
"Message",Low,"���ڼ����򼯡�F:\Note�Ż�\Note�ع�\Note�Ż���\Note.InkCanvasEx\obj\x64\Release\ilc\in\Microsoft.Toolkit.Win32.UI.XamlHost.winmd����  "
"Message",Low,"���ڼ����򼯡�F:\Note�Ż�\Note�ع�\Note�Ż���\Note.InkCanvasEx\obj\x64\Release\ilc\in\Newtonsoft.Json.dll����  "
"Message",Low,"���ڼ����򼯡�F:\Note�Ż�\Note�ع�\Note�Ż���\Note.InkCanvasEx\obj\x64\Release\ilc\in\Note.InkCanvasEx.exe����  "
"Message",Normal,"“C:\Users\37095\.nuget\packages\runtime.win10-x64.microsoft.net.native.compiler\2.2.10-rel-29722-00\tools\x64\ilc\ilc.exe --gatekeeper @""F:\Note优化\Note重构\Note优化版\Note.InkCanvasEx\obj\x64\Release\ilc\intermediate\gkargs.rsp""”已完成。"
"Message",Normal,"进程执行统计信息(所有时间均以毫秒为单位)"
"Message",Normal,"-----------------------------------------------------------------------------"
"Message",Normal,"启动 | 开始 | 停止 | 结束 | 持续时间 | 生存期 | [槽] 名称"
"Message",Normal,"-----------------------------------------------------------------------------"
"Message",Normal,"       0 |       15 |      172 |      390 |      157 |      390 | [0] Gatekeeper"
"Message",Normal,"命令数:      1"
"Message",Normal,"总系统时间:       390 毫秒"
"Message",Normal,"每命令系统时间: 390 毫秒"
"Message",Normal,"总持续时间:          157 毫秒"
"Message",Normal,"总生存时间:          390 毫秒"
"Message",Normal,"请求的 DOP:           20"
"Message",Normal,"持续时间 DOP:            0.4"
"Message",Normal,"生存时间 DOP:            1.0"
"Message",Low,"已完成执行任务 ""Gatekeeper""。"
"Message",Low,"已完成在文件 ""Preparation"" 中生成目标 ""RunGatekeeper""。"
"Message",Low,""
"Message",Low,"已完成在文件 ""Preparation"" 中生成目标 ""CreateToolchainGeneratedAssembly""。"
"Message",Low,""
"Message",Low,"任务 ""PreMergeAssemblyClosure"""
"Message",Low,"已完成执行任务 ""PreMergeAssemblyClosure""。"
"Message",Low,"已完成在文件 ""Preparation"" 中生成目标 ""ConstructPreMergeAssemblyClosure""。"
"Message",Low,""
"Message",Low,"任务 ""McgReferenceResolveFilePath"""
"Message",Low,"已完成执行任务 ""McgReferenceResolveFilePath""。"
"Message",Low,"已完成在文件 ""Preparation"" 中生成目标 ""PreResolveTransforms""。"
"Message",Low,""
"Message",Low,"任务 ""ResolveToolchainRequiredAssemblyRoots"""
"Message",Low,"已完成执行任务 ""ResolveToolchainRequiredAssemblyRoots""。"
"Message",Low,"任务 ""ILTransformAssemblyClosure"""
"Message",Low,"已完成执行任务 ""ILTransformAssemblyClosure""。"
"Message",Low,"任务 ""ResolveToolchainRequiredAssemblyRoots"""
"Message",Low,"已完成执行任务 ""ResolveToolchainRequiredAssemblyRoots""。"
"Message",Low,"任务 ""ReducedCopyAssemblyClosure"""
"Message",Low,"已完成执行任务 ""ReducedCopyAssemblyClosure""。"
"Message",Low,"已完成在文件 ""Preparation"" 中生成目标 ""ConstructILTransformAssemblyClosure""。"
"Message",Low,"已完成生成项目 ""Preparation""。"
"Message",Low,""
"Message",Low,""
"Message",High,"正在处理应用程序代码"
"Message",Low,"任务 ""RunILTransforms"""
"Message",Normal,"正在运行“DumpNativeResources”转换，达到 19 MB 时形成堆。"
"Message",Normal,"正在运行“Analysis”转换，达到 35 MB 时形成堆。"
"Message",Low,"正在加载 110 模块..."
"Message",Normal,"已从 15 个文件导入反射指令:"
"Message",Normal,"F:\Note优化\Note重构\Note优化版\Note.InkCanvasEx\obj\x64\Release\ilc\in\Properties\Default.rd.xml"
"Message",Normal,"System.Private.Interop 中的嵌入清单: Resources.System.Private.Interop.rd.xml"
"Message",Normal,"System.Private.WinRTInterop.CoreLib 中的嵌入清单: Resources.System.Private.WinRTInterop.CoreLib.rd.xml"
"Message",Normal,"System.Runtime.WindowsRuntime.UI.Xaml 中的嵌入清单: Resources.System.Runtime.WindowsRuntime.UI.Xaml.rd.xml"
"Message",Normal,"System.Runtime.Serialization.Primitives 中的嵌入清单: System.Runtime.Serialization.Primitives.Resources.System.Runtime.Serialization.Primitives.rd.xml"
"Message",Normal,"System.Private.CoreLib 中的嵌入清单: Resources.System.Private.CoreLib.rd.xml"
"Message",Normal,"System.Private.Uri 中的嵌入清单: Resources.System.Private.Uri.rd.xml"
"Message",Normal,"System.Private.Reflection.Core 中的嵌入清单: System.Private.Reflection.Core.rd.xml"
"Message",Normal,"System.Data.Common 中的嵌入清单: Resources.System.Data.Common.rd.xml"
"Message",Normal,"System.Private.Xml 中的嵌入清单: System.Xml.Resources.System.Private.Xml.rd.xml"
"Message",Normal,"System.Runtime.Serialization.Formatters 中的嵌入清单: System.Runtime.Serialization.Formatters.Resources.System.Runtime.Serialization.Formatters.rd.xml"
"Message",Normal,"System.ComponentModel.TypeConverter 中的嵌入清单: System.ComponentModel.TypeConverter.Resources.System.ComponentModel.TypeConverter.rd.xml"
"Message",Normal,"System.Linq.Expressions 中的嵌入清单: System.Linq.Expressions.Resources.System.Linq.Expressions.rd.xml"
"Message",Normal,"System.Net.Primitives 中的嵌入清单: Resources.System.Net.Primitives.rd.xml"
"Message",Normal,"Newtonsoft.Json"
"Message",Normal,"已从 1 个文件导入 XAML 根:"
"Message",Normal,"F:\Note优化\Note重构\Note优化版\Note.InkCanvasEx\obj\x64\Release\ilc\in\Note.InkCanvasEx.xr.xml"
"Message",Normal,"正在运行“Mcg”转换，达到 320 MB 时形成堆。"
"Message",High,"正在计算应用程序关闭并生成互操作代码"
"Message",High,"  正在加载 110 模块..."
"Warning",,0,0,"      MCG : warning MCG0007: 未能解析方法“System.Int32 Note.InkCanvasEx.SDK.Native.LocalEditorNative.editoropen(System.Int64, System.Int64)”的 P/Invoke 方法“Dll\HTREngineWin.dll!editoropen”。调用此方法将在运行时引发异常。请确保 P/Invoke 指向 UWP 应用程序中允许的 Windows API，或指向属于包一部分的本机 DLL。如果由于某些原因，P/Invoke 不满足这些条件，请使用 [DllImport(ExactSpelling=true) 指示你了解使用非 UWP API 的含义。"
"Warning",,0,0,"      MCG : warning MCG0007: 未能解析方法“System.Int32 Note.InkCanvasEx.SDK.Native.LocalEditorNative.editorclose(System.Int64)”的 P/Invoke 方法“Dll\HTREngineWin.dll!editorclose”。调用此方法将在运行时引发异常。请确保 P/Invoke 指向 UWP 应用程序中允许的 Windows API，或指向属于包一部分的本机 DLL。如果由于某些原因，P/Invoke 不满足这些条件，请使用 [DllImport(ExactSpelling=true) 指示你了解使用非 UWP API 的含义。"
"Warning",,0,0,"      MCG : warning MCG0007: 未能解析方法“System.Void Note.InkCanvasEx.SDK.Native.LocalEditorNative.setOnLoadedCallback(System.Int64, Note.InkCanvasEx.SDK.Native.LoadCallback)”的 P/Invoke 方法“Dll\HTREngineWin.dll!setOnLoadedCallback”。调用此方法将在运行时引发异常。请确保 P/Invoke 指向 UWP 应用程序中允许的 Windows API，或指向属于包一部分的本机 DLL。如果由于某些原因，P/Invoke 不满足这些条件，请使用 [DllImport(ExactSpelling=true) 指示你了解使用非 UWP API 的含义。"
"Warning",,0,0,"      MCG : warning MCG0007: 未能解析方法“System.Void Note.InkCanvasEx.SDK.Native.LocalEditorNative.setOnContentChanged(System.Int64, Note.InkCanvasEx.SDK.Native.MsgCallback)”的 P/Invoke 方法“Dll\HTREngineWin.dll!setOnContentChanged”。调用此方法将在运行时引发异常。请确保 P/Invoke 指向 UWP 应用程序中允许的 Windows API，或指向属于包一部分的本机 DLL。如果由于某些原因，P/Invoke 不满足这些条件，请使用 [DllImport(ExactSpelling=true) 指示你了解使用非 UWP API 的含义。"
"Warning",,0,0,"      MCG : warning MCG0007: 未能解析方法“System.Void Note.InkCanvasEx.SDK.Native.LocalEditorNative.setOnError(System.Int64, Note.InkCanvasEx.SDK.Native.MsgCallback)”的 P/Invoke 方法“Dll\HTREngineWin.dll!setOnError”。调用此方法将在运行时引发异常。请确保 P/Invoke 指向 UWP 应用程序中允许的 Windows API，或指向属于包一部分的本机 DLL。如果由于某些原因，P/Invoke 不满足这些条件，请使用 [DllImport(ExactSpelling=true) 指示你了解使用非 UWP API 的含义。"
"Warning",,0,0,"      MCG : warning MCG0007: 未能解析方法“System.Void Note.InkCanvasEx.SDK.Native.LocalEditorNative.setOnAssociationalChanged(System.Int64, Note.InkCanvasEx.SDK.Native.MsgCallback)”的 P/Invoke 方法“Dll\HTREngineWin.dll!setOnAssociationalChanged”。调用此方法将在运行时引发异常。请确保 P/Invoke 指向 UWP 应用程序中允许的 Windows API，或指向属于包一部分的本机 DLL。如果由于某些原因，P/Invoke 不满足这些条件，请使用 [DllImport(ExactSpelling=true) 指示你了解使用非 UWP API 的含义。"
"Warning",,0,0,"      MCG : warning MCG0007: 未能解析方法“System.Void Note.InkCanvasEx.SDK.Native.LocalEditorNative.setOnCandidateChanged(System.Int64, Note.InkCanvasEx.SDK.Native.MsgCallback)”的 P/Invoke 方法“Dll\HTREngineWin.dll!setOnCandidateChanged”。调用此方法将在运行时引发异常。请确保 P/Invoke 指向 UWP 应用程序中允许的 Windows API，或指向属于包一部分的本机 DLL。如果由于某些原因，P/Invoke 不满足这些条件，请使用 [DllImport(ExactSpelling=true) 指示你了解使用非 UWP API 的含义。"
"Warning",,0,0,"      MCG : warning MCG0007: 未能解析方法“System.Int32 Note.InkCanvasEx.SDK.Native.LocalEditorNative.updateParams(System.Int64, System.Int64)”的 P/Invoke 方法“Dll\HTREngineWin.dll!updateParams”。调用此方法将在运行时引发异常。请确保 P/Invoke 指向 UWP 应用程序中允许的 Windows API，或指向属于包一部分的本机 DLL。如果由于某些原因，P/Invoke 不满足这些条件，请使用 [DllImport(ExactSpelling=true) 指示你了解使用非 UWP API 的含义。"
"Warning",,0,0,"      MCG : warning MCG0007: 未能解析方法“System.Int64 Note.InkCanvasEx.SDK.Native.LocalEditorNative.obtainParams(System.Int64)”的 P/Invoke 方法“Dll\HTREngineWin.dll!obtainParams”。调用此方法将在运行时引发异常。请确保 P/Invoke 指向 UWP 应用程序中允许的 Windows API，或指向属于包一部分的本机 DLL。如果由于某些原因，P/Invoke 不满足这些条件，请使用 [DllImport(ExactSpelling=true) 指示你了解使用非 UWP API 的含义。"
"Warning",,0,0,"      MCG : warning MCG0007: 未能解析方法“System.Void Note.InkCanvasEx.SDK.Native.LocalEditorNative.addPoints(System.Int64, System.Double[], System.Double[], System.Double[], System.Int32[], System.Int64)”的 P/Invoke 方法“Dll\HTREngineWin.dll!addPoints”。调用此方法将在运行时引发异常。请确保 P/Invoke 指向 UWP 应用程序中允许的 Windows API，或指向属于包一部分的本机 DLL。如果由于某些原因，P/Invoke 不满足这些条件，请使用 [DllImport(ExactSpelling=true) 指示你了解使用非 UWP API 的含义。"
"Warning",,0,0,"      MCG : warning MCG0007: 未能解析方法“System.Int32 Note.InkCanvasEx.SDK.Native.LocalEditorNative.addStrokePoints(System.Int64, System.Double[], System.Double[], System.Double[], System.Int64)”的 P/Invoke 方法“Dll\HTREngineWin.dll!addStrokePoints”。调用此方法将在运行时引发异常。请确保 P/Invoke 指向 UWP 应用程序中允许的 Windows API，或指向属于包一部分的本机 DLL。如果由于某些原因，P/Invoke 不满足这些条件，请使用 [DllImport(ExactSpelling=true) 指示你了解使用非 UWP API 的含义。"
"Warning",,0,0,"      MCG : warning MCG0007: 未能解析方法“System.Int32 Note.InkCanvasEx.SDK.Native.LocalEditorNative.deleteStrokePoints(System.Int64, System.Int32)”的 P/Invoke 方法“Dll\HTREngineWin.dll!deleteStrokePoints”。调用此方法将在运行时引发异常。请确保 P/Invoke 指向 UWP 应用程序中允许的 Windows API，或指向属于包一部分的本机 DLL。如果由于某些原因，P/Invoke 不满足这些条件，请使用 [DllImport(ExactSpelling=true) 指示你了解使用非 UWP API 的含义。"
"Warning",,0,0,"      MCG : warning MCG0007: 未能解析方法“System.Boolean Note.InkCanvasEx.SDK.Native.LocalEditorNative.isIdle(System.Int64)”的 P/Invoke 方法“Dll\HTREngineWin.dll!isIdle”。调用此方法将在运行时引发异常。请确保 P/Invoke 指向 UWP 应用程序中允许的 Windows API，或指向属于包一部分的本机 DLL。如果由于某些原因，P/Invoke 不满足这些条件，请使用 [DllImport(ExactSpelling=true) 指示你了解使用非 UWP API 的含义。"
"Warning",,0,0,"      MCG : warning MCG0007: 未能解析方法“System.Void Note.InkCanvasEx.SDK.Native.LocalEditorNative.waitForIdle(System.Int64)”的 P/Invoke 方法“Dll\HTREngineWin.dll!waitForIdle”。调用此方法将在运行时引发异常。请确保 P/Invoke 指向 UWP 应用程序中允许的 Windows API，或指向属于包一部分的本机 DLL。如果由于某些原因，P/Invoke 不满足这些条件，请使用 [DllImport(ExactSpelling=true) 指示你了解使用非 UWP API 的含义。"
"Warning",,0,0,"      MCG : warning MCG0007: 未能解析方法“System.Boolean Note.InkCanvasEx.SDK.Native.LocalEditorNative.isClosed(System.Int64)”的 P/Invoke 方法“Dll\HTREngineWin.dll!isClosed”。调用此方法将在运行时引发异常。请确保 P/Invoke 指向 UWP 应用程序中允许的 Windows API，或指向属于包一部分的本机 DLL。如果由于某些原因，P/Invoke 不满足这些条件，请使用 [DllImport(ExactSpelling=true) 指示你了解使用非 UWP API 的含义。"
"Warning",,0,0,"      MCG : warning MCG0007: 未能解析方法“System.Boolean Note.InkCanvasEx.SDK.Native.LocalEditorNative.isEmpty(System.Int64)”的 P/Invoke 方法“Dll\HTREngineWin.dll!isEmpty”。调用此方法将在运行时引发异常。请确保 P/Invoke 指向 UWP 应用程序中允许的 Windows API，或指向属于包一部分的本机 DLL。如果由于某些原因，P/Invoke 不满足这些条件，请使用 [DllImport(ExactSpelling=true) 指示你了解使用非 UWP API 的含义。"
"Warning",,0,0,"      MCG : warning MCG0007: 未能解析方法“System.String Note.InkCanvasEx.SDK.Native.LocalEditorNative.getContent(System.Int64)”的 P/Invoke 方法“Dll\HTREngineWin.dll!getContent”。调用此方法将在运行时引发异常。请确保 P/Invoke 指向 UWP 应用程序中允许的 Windows API，或指向属于包一部分的本机 DLL。如果由于某些原因，P/Invoke 不满足这些条件，请使用 [DllImport(ExactSpelling=true) 指示你了解使用非 UWP API 的含义。"
"Warning",,0,0,"      MCG : warning MCG0007: 未能解析方法“System.Void Note.InkCanvasEx.SDK.Native.LocalEditorNative.clearContent(System.Int64)”的 P/Invoke 方法“Dll\HTREngineWin.dll!clearContent”。调用此方法将在运行时引发异常。请确保 P/Invoke 指向 UWP 应用程序中允许的 Windows API，或指向属于包一部分的本机 DLL。如果由于某些原因，P/Invoke 不满足这些条件，请使用 [DllImport(ExactSpelling=true) 指示你了解使用非 UWP API 的含义。"
"Warning",,0,0,"      MCG : warning MCG0007: 未能解析方法“System.Void Note.InkCanvasEx.SDK.Native.LocalEditorNative.updateRecognizeWord(System.Int64, System.Int32, System.String)”的 P/Invoke 方法“Dll\HTREngineWin.dll!updateRecognizeWord”。调用此方法将在运行时引发异常。请确保 P/Invoke 指向 UWP 应用程序中允许的 Windows API，或指向属于包一部分的本机 DLL。如果由于某些原因，P/Invoke 不满足这些条件，请使用 [DllImport(ExactSpelling=true) 指示你了解使用非 UWP API 的含义。"
"Warning",,0,0,"      MCG : warning MCG0007: 未能解析方法“System.Void Note.InkCanvasEx.SDK.Native.LocalEditorNative.doPageRecognize(System.Int64)”的 P/Invoke 方法“Dll\HTREngineWin.dll!doPageRecognize”。调用此方法将在运行时引发异常。请确保 P/Invoke 指向 UWP 应用程序中允许的 Windows API，或指向属于包一部分的本机 DLL。如果由于某些原因，P/Invoke 不满足这些条件，请使用 [DllImport(ExactSpelling=true) 指示你了解使用非 UWP API 的含义。"
"Warning",,0,0,"      MCG : warning MCG0007: 未能解析方法“System.Void Note.InkCanvasEx.SDK.Native.LocalEditorNative.doAssociate(System.Int64, System.String)”的 P/Invoke 方法“Dll\HTREngineWin.dll!doAssociate”。调用此方法将在运行时引发异常。请确保 P/Invoke 指向 UWP 应用程序中允许的 Windows API，或指向属于包一部分的本机 DLL。如果由于某些原因，P/Invoke 不满足这些条件，请使用 [DllImport(ExactSpelling=true) 指示你了解使用非 UWP API 的含义。"
"Warning",,0,0,"      MCG : warning MCG0007: 未能解析方法“System.IntPtr Note.InkCanvasEx.SDK.Native.LocalEditorNative.calculate(System.Int64, System.String, System.Int64)”的 P/Invoke 方法“Dll\HTREngineWin.dll!calculate”。调用此方法将在运行时引发异常。请确保 P/Invoke 指向 UWP 应用程序中允许的 Windows API，或指向属于包一部分的本机 DLL。如果由于某些原因，P/Invoke 不满足这些条件，请使用 [DllImport(ExactSpelling=true) 指示你了解使用非 UWP API 的含义。"
"Warning",,0,0,"      MCG : warning MCG0007: 未能解析方法“System.String Note.InkCanvasEx.SDK.Native.LocalEditorNative.getMathEngineVersion(System.Int64)”的 P/Invoke 方法“Dll\HTREngineWin.dll!getMathEngineVersion”。调用此方法将在运行时引发异常。请确保 P/Invoke 指向 UWP 应用程序中允许的 Windows API，或指向属于包一部分的本机 DLL。如果由于某些原因，P/Invoke 不满足这些条件，请使用 [DllImport(ExactSpelling=true) 指示你了解使用非 UWP API 的含义。"
"Warning",,0,0,"      MCG : warning MCG0007: 未能解析方法“System.String Note.InkCanvasEx.SDK.Native.LocalEditorNative.latexToMathML(System.Int64, System.String)”的 P/Invoke 方法“Dll\HTREngineWin.dll!latexToMathML”。调用此方法将在运行时引发异常。请确保 P/Invoke 指向 UWP 应用程序中允许的 Windows API，或指向属于包一部分的本机 DLL。如果由于某些原因，P/Invoke 不满足这些条件，请使用 [DllImport(ExactSpelling=true) 指示你了解使用非 UWP API 的含义。"
"Warning",,0,0,"      MCG : warning MCG0007: 未能解析方法“System.String Note.InkCanvasEx.SDK.Native.LocalEditorNative.latexToOfficeMathML(System.Int64, System.String)”的 P/Invoke 方法“Dll\HTREngineWin.dll!latexToOfficeMathML”。调用此方法将在运行时引发异常。请确保 P/Invoke 指向 UWP 应用程序中允许的 Windows API，或指向属于包一部分的本机 DLL。如果由于某些原因，P/Invoke 不满足这些条件，请使用 [DllImport(ExactSpelling=true) 指示你了解使用非 UWP API 的含义。"
"Warning",,0,0,"      MCG : warning MCG0007: 未能解析方法“System.Int32 Note.InkCanvasEx.SDK.Native.LocalEditorNative.pictureProcess(System.Int64, System.String)”的 P/Invoke 方法“Dll\HTREngineWin.dll!pictureProcess”。调用此方法将在运行时引发异常。请确保 P/Invoke 指向 UWP 应用程序中允许的 Windows API，或指向属于包一部分的本机 DLL。如果由于某些原因，P/Invoke 不满足这些条件，请使用 [DllImport(ExactSpelling=true) 指示你了解使用非 UWP API 的含义。"
"Warning",,0,0,"      MCG : warning MCG0007: 未能解析方法“System.Void Note.InkCanvasEx.SDK.Native.LocalEditorNative.setCharacterSet(System.Int64, System.String[], System.Int64)”的 P/Invoke 方法“Dll\HTREngineWin.dll!setCharacterSet”。调用此方法将在运行时引发异常。请确保 P/Invoke 指向 UWP 应用程序中允许的 Windows API，或指向属于包一部分的本机 DLL。如果由于某些原因，P/Invoke 不满足这些条件，请使用 [DllImport(ExactSpelling=true) 指示你了解使用非 UWP API 的含义。"
"Warning",,0,0,"      MCG : warning MCG0007: 未能解析方法“System.Int32 Note.InkCanvasEx.SDK.Native.LocalEditorNative.incRecDoSave(System.Int64, System.String)”的 P/Invoke 方法“Dll\HTREngineWin.dll!incRecDoSave”。调用此方法将在运行时引发异常。请确保 P/Invoke 指向 UWP 应用程序中允许的 Windows API，或指向属于包一部分的本机 DLL。如果由于某些原因，P/Invoke 不满足这些条件，请使用 [DllImport(ExactSpelling=true) 指示你了解使用非 UWP API 的含义。"
"Warning",,0,0,"      MCG : warning MCG0007: 未能解析方法“System.IntPtr Note.InkCanvasEx.SDK.Native.LocalEditorNative.incRecLoadByPath(System.Int64, System.String, System.Int64)”的 P/Invoke 方法“Dll\HTREngineWin.dll!incRecLoadByPath”。调用此方法将在运行时引发异常。请确保 P/Invoke 指向 UWP 应用程序中允许的 Windows API，或指向属于包一部分的本机 DLL。如果由于某些原因，P/Invoke 不满足这些条件，请使用 [DllImport(ExactSpelling=true) 指示你了解使用非 UWP API 的含义。"
"Warning",,0,0,"      MCG : warning MCG0007: 未能解析方法“System.Int64 Note.InkCanvasEx.SDK.Native.LocalEngineNative.createEngine(System.String)”的 P/Invoke 方法“Dll\HTREngineWin.dll!createEngine”。调用此方法将在运行时引发异常。请确保 P/Invoke 指向 UWP 应用程序中允许的 Windows API，或指向属于包一部分的本机 DLL。如果由于某些原因，P/Invoke 不满足这些条件，请使用 [DllImport(ExactSpelling=true) 指示你了解使用非 UWP API 的含义。"
"Warning",,0,0,"      MCG : warning MCG0007: 未能解析方法“System.Int64 Note.InkCanvasEx.SDK.Native.LocalEngineNative.stopEngine(System.Int64)”的 P/Invoke 方法“Dll\HTREngineWin.dll!stopEngine”。调用此方法将在运行时引发异常。请确保 P/Invoke 指向 UWP 应用程序中允许的 Windows API，或指向属于包一部分的本机 DLL。如果由于某些原因，P/Invoke 不满足这些条件，请使用 [DllImport(ExactSpelling=true) 指示你了解使用非 UWP API 的含义。"
"Warning",,0,0,"      MCG : warning MCG0007: 未能解析方法“System.Int64 Note.InkCanvasEx.SDK.Native.LocalEngineNative.createEditor(System.Int64, System.Int64)”的 P/Invoke 方法“Dll\HTREngineWin.dll!createEditor”。调用此方法将在运行时引发异常。请确保 P/Invoke 指向 UWP 应用程序中允许的 Windows API，或指向属于包一部分的本机 DLL。如果由于某些原因，P/Invoke 不满足这些条件，请使用 [DllImport(ExactSpelling=true) 指示你了解使用非 UWP API 的含义。"
"Warning",,0,0,"      MCG : warning MCG0007: 未能解析方法“System.Void Note.InkCanvasEx.SDK.Native.LocalEngineNative.setDebugLevel(System.Int64, System.Int32)”的 P/Invoke 方法“Dll\HTREngineWin.dll!setDebugLevel”。调用此方法将在运行时引发异常。请确保 P/Invoke 指向 UWP 应用程序中允许的 Windows API，或指向属于包一部分的本机 DLL。如果由于某些原因，P/Invoke 不满足这些条件，请使用 [DllImport(ExactSpelling=true) 指示你了解使用非 UWP API 的含义。"
"Warning",,0,0,"      MCG : warning MCG0007: 未能解析方法“System.Void Note.InkCanvasEx.SDK.Native.LocalEngineNative.setLogDir(System.Int64, System.String)”的 P/Invoke 方法“Dll\HTREngineWin.dll!setLogDir”。调用此方法将在运行时引发异常。请确保 P/Invoke 指向 UWP 应用程序中允许的 Windows API，或指向属于包一部分的本机 DLL。如果由于某些原因，P/Invoke 不满足这些条件，请使用 [DllImport(ExactSpelling=true) 指示你了解使用非 UWP API 的含义。"
"Warning",,0,0,"      MCG : warning MCG0007: 未能解析方法“System.IntPtr Note.InkCanvasEx.SDK.Native.LocalEngineNative.getEngineVersion(System.Int64)”的 P/Invoke 方法“Dll\HTREngineWin.dll!getEngineVersion”。调用此方法将在运行时引发异常。请确保 P/Invoke 指向 UWP 应用程序中允许的 Windows API，或指向属于包一部分的本机 DLL。如果由于某些原因，P/Invoke 不满足这些条件，请使用 [DllImport(ExactSpelling=true) 指示你了解使用非 UWP API 的含义。"
"Warning",,0,0,"      MCG : warning MCG0007: 未能解析方法“System.Int64 Note.InkCanvasEx.SDK.Native.LocalParamsNative.createNewParams()”的 P/Invoke 方法“Dll\HTREngineWin.dll!createNewParams”。调用此方法将在运行时引发异常。请确保 P/Invoke 指向 UWP 应用程序中允许的 Windows API，或指向属于包一部分的本机 DLL。如果由于某些原因，P/Invoke 不满足这些条件，请使用 [DllImport(ExactSpelling=true) 指示你了解使用非 UWP API 的含义。"
"Warning",,0,0,"      MCG : warning MCG0007: 未能解析方法“System.Void Note.InkCanvasEx.SDK.Native.LocalParamsNative.setConfigName(System.Int64, System.String)”的 P/Invoke 方法“Dll\HTREngineWin.dll!setConfigName”。调用此方法将在运行时引发异常。请确保 P/Invoke 指向 UWP 应用程序中允许的 Windows API，或指向属于包一部分的本机 DLL。如果由于某些原因，P/Invoke 不满足这些条件，请使用 [DllImport(ExactSpelling=true) 指示你了解使用非 UWP API 的含义。"
"Warning",,0,0,"      MCG : warning MCG0007: 未能解析方法“System.Void Note.InkCanvasEx.SDK.Native.LocalParamsNative.setDataDir(System.Int64, System.String)”的 P/Invoke 方法“Dll\HTREngineWin.dll!setDataDir”。调用此方法将在运行时引发异常。请确保 P/Invoke 指向 UWP 应用程序中允许的 Windows API，或指向属于包一部分的本机 DLL。如果由于某些原因，P/Invoke 不满足这些条件，请使用 [DllImport(ExactSpelling=true) 指示你了解使用非 UWP API 的含义。"
"Warning",,0,0,"      MCG : warning MCG0007: 未能解析方法“System.Void Note.InkCanvasEx.SDK.Native.LocalParamsNative.setMode(System.Int64, System.Int32)”的 P/Invoke 方法“Dll\HTREngineWin.dll!setMode”。调用此方法将在运行时引发异常。请确保 P/Invoke 指向 UWP 应用程序中允许的 Windows API，或指向属于包一部分的本机 DLL。如果由于某些原因，P/Invoke 不满足这些条件，请使用 [DllImport(ExactSpelling=true) 指示你了解使用非 UWP API 的含义。"
"Warning",,0,0,"      MCG : warning MCG0007: 未能解析方法“System.Int32 Note.InkCanvasEx.SDK.Native.LocalParamsNative.getMode(System.Int64)”的 P/Invoke 方法“Dll\HTREngineWin.dll!getMode”。调用此方法将在运行时引发异常。请确保 P/Invoke 指向 UWP 应用程序中允许的 Windows API，或指向属于包一部分的本机 DLL。如果由于某些原因，P/Invoke 不满足这些条件，请使用 [DllImport(ExactSpelling=true) 指示你了解使用非 UWP API 的含义。"
"Warning",,0,0,"      MCG : warning MCG0007: 未能解析方法“System.Void Note.InkCanvasEx.SDK.Native.LocalParamsNative.setResultCoordinate(System.Int64, System.Boolean)”的 P/Invoke 方法“Dll\HTREngineWin.dll!setResultCoordinate”。调用此方法将在运行时引发异常。请确保 P/Invoke 指向 UWP 应用程序中允许的 Windows API，或指向属于包一部分的本机 DLL。如果由于某些原因，P/Invoke 不满足这些条件，请使用 [DllImport(ExactSpelling=true) 指示你了解使用非 UWP API 的含义。"
"Warning",,0,0,"      MCG : warning MCG0007: 未能解析方法“System.Void Note.InkCanvasEx.SDK.Native.LocalParamsNative.setResultAssociational(System.Int64, System.Boolean)”的 P/Invoke 方法“Dll\HTREngineWin.dll!setResultAssociational”。调用此方法将在运行时引发异常。请确保 P/Invoke 指向 UWP 应用程序中允许的 Windows API，或指向属于包一部分的本机 DLL。如果由于某些原因，P/Invoke 不满足这些条件，请使用 [DllImport(ExactSpelling=true) 指示你了解使用非 UWP API 的含义。"
"Warning",,0,0,"      MCG : warning MCG0007: 未能解析方法“System.Void Note.InkCanvasEx.SDK.Native.LocalParamsNative.setResultCandidate(System.Int64, System.Boolean)”的 P/Invoke 方法“Dll\HTREngineWin.dll!setResultCandidate”。调用此方法将在运行时引发异常。请确保 P/Invoke 指向 UWP 应用程序中允许的 Windows API，或指向属于包一部分的本机 DLL。如果由于某些原因，P/Invoke 不满足这些条件，请使用 [DllImport(ExactSpelling=true) 指示你了解使用非 UWP API 的含义。"
"Warning",,0,0,"      MCG : warning MCG0007: 未能解析方法“System.Void Note.InkCanvasEx.SDK.Native.LocalParamsNative.setResultPartitionCoordinate(System.Int64, System.Boolean)”的 P/Invoke 方法“Dll\HTREngineWin.dll!setResultPartitionCoordinate”。调用此方法将在运行时引发异常。请确保 P/Invoke 指向 UWP 应用程序中允许的 Windows API，或指向属于包一部分的本机 DLL。如果由于某些原因，P/Invoke 不满足这些条件，请使用 [DllImport(ExactSpelling=true) 指示你了解使用非 UWP API 的含义。"
"Warning",,0,0,"      MCG : warning MCG0007: 未能解析方法“System.Void Note.InkCanvasEx.SDK.Native.LocalParamsNative.setWordSplitTimeLot(System.Int64, System.Int64)”的 P/Invoke 方法“Dll\HTREngineWin.dll!setWordSplitTimeLot”。调用此方法将在运行时引发异常。请确保 P/Invoke 指向 UWP 应用程序中允许的 Windows API，或指向属于包一部分的本机 DLL。如果由于某些原因，P/Invoke 不满足这些条件，请使用 [DllImport(ExactSpelling=true) 指示你了解使用非 UWP API 的含义。"
"Warning",,0,0,"      MCG : warning MCG0007: 未能解析方法“System.Void Note.InkCanvasEx.SDK.Native.LocalParamsNative.setResultCalculate(System.Int64, System.Boolean)”的 P/Invoke 方法“Dll\HTREngineWin.dll!setResultCalculate”。调用此方法将在运行时引发异常。请确保 P/Invoke 指向 UWP 应用程序中允许的 Windows API，或指向属于包一部分的本机 DLL。如果由于某些原因，P/Invoke 不满足这些条件，请使用 [DllImport(ExactSpelling=true) 指示你了解使用非 UWP API 的含义。"
"Warning",,0,0,"      MCG : warning MCG0007: 未能解析方法“System.Void Note.InkCanvasEx.SDK.Native.LocalParamsNative.setMathEngineRadianOrDegree(System.Int64, System.String)”的 P/Invoke 方法“Dll\HTREngineWin.dll!setMathEngineRadianOrDegree”。调用此方法将在运行时引发异常。请确保 P/Invoke 指向 UWP 应用程序中允许的 Windows API，或指向属于包一部分的本机 DLL。如果由于某些原因，P/Invoke 不满足这些条件，请使用 [DllImport(ExactSpelling=true) 指示你了解使用非 UWP API 的含义。"
"Warning",,0,0,"      MCG : warning MCG0007: 未能解析方法“System.Void Note.InkCanvasEx.SDK.Native.LocalParamsNative.setMathResultRoundingMode(System.Int64, System.Int32)”的 P/Invoke 方法“Dll\HTREngineWin.dll!setMathResultRoundingMode”。调用此方法将在运行时引发异常。请确保 P/Invoke 指向 UWP 应用程序中允许的 Windows API，或指向属于包一部分的本机 DLL。如果由于某些原因，P/Invoke 不满足这些条件，请使用 [DllImport(ExactSpelling=true) 指示你了解使用非 UWP API 的含义。"
"Warning",,0,0,"      MCG : warning MCG0007: 未能解析方法“System.Void Note.InkCanvasEx.SDK.Native.LocalParamsNative.setMathResultScale(System.Int64, System.Int32)”的 P/Invoke 方法“Dll\HTREngineWin.dll!setMathResultScale”。调用此方法将在运行时引发异常。请确保 P/Invoke 指向 UWP 应用程序中允许的 Windows API，或指向属于包一部分的本机 DLL。如果由于某些原因，P/Invoke 不满足这些条件，请使用 [DllImport(ExactSpelling=true) 指示你了解使用非 UWP API 的含义。"
"Warning",,0,0,"      MCG : warning MCG0007: 未能解析方法“System.Void Note.InkCanvasEx.SDK.Native.LocalParamsNative.setResultSpanProcessed(System.Int64, System.Boolean)”的 P/Invoke 方法“Dll\HTREngineWin.dll!setResultSpanProcessed”。调用此方法将在运行时引发异常。请确保 P/Invoke 指向 UWP 应用程序中允许的 Windows API，或指向属于包一部分的本机 DLL。如果由于某些原因，P/Invoke 不满足这些条件，请使用 [DllImport(ExactSpelling=true) 指示你了解使用非 UWP API 的含义。"
"Warning",,0,0,"      MCG : warning MCG0007: 未能解析方法“System.IntPtr Note.InkCanvasEx.SDK.Accredit.LocalVerifyNative.CreateVerify()”的 P/Invoke 方法“Dll\verify.dll!CreateVerify”。调用此方法将在运行时引发异常。请确保 P/Invoke 指向 UWP 应用程序中允许的 Windows API，或指向属于包一部分的本机 DLL。如果由于某些原因，P/Invoke 不满足这些条件，请使用 [DllImport(ExactSpelling=true) 指示你了解使用非 UWP API 的含义。"
"Warning",,0,0,"      MCG : warning MCG0007: 未能解析方法“System.Int32 Note.InkCanvasEx.SDK.Accredit.LocalVerifyNative.SetVerifyInfo(System.IntPtr, System.String, System.String, System.String, System.String, System.String, System.String, System.String, System.String)”的 P/Invoke 方法“Dll\verify.dll!SetVerifyInfo”。调用此方法将在运行时引发异常。请确保 P/Invoke 指向 UWP 应用程序中允许的 Windows API，或指向属于包一部分的本机 DLL。如果由于某些原因，P/Invoke 不满足这些条件，请使用 [DllImport(ExactSpelling=true) 指示你了解使用非 UWP API 的含义。"
"Warning",,0,0,"      MCG : warning MCG0007: 未能解析方法“System.Int32 Note.InkCanvasEx.SDK.Accredit.LocalVerifyNative.SetNetInfo(System.IntPtr, System.String, System.String, System.String, System.String)”的 P/Invoke 方法“Dll\verify.dll!SetNetInfo”。调用此方法将在运行时引发异常。请确保 P/Invoke 指向 UWP 应用程序中允许的 Windows API，或指向属于包一部分的本机 DLL。如果由于某些原因，P/Invoke 不满足这些条件，请使用 [DllImport(ExactSpelling=true) 指示你了解使用非 UWP API 的含义。"
"Warning",,0,0,"      MCG : warning MCG0007: 未能解析方法“System.Int32 Note.InkCanvasEx.SDK.Accredit.LocalVerifyNative.SetSavePath(System.IntPtr, System.String, System.String, System.String)”的 P/Invoke 方法“Dll\verify.dll!SetSavePath”。调用此方法将在运行时引发异常。请确保 P/Invoke 指向 UWP 应用程序中允许的 Windows API，或指向属于包一部分的本机 DLL。如果由于某些原因，P/Invoke 不满足这些条件，请使用 [DllImport(ExactSpelling=true) 指示你了解使用非 UWP API 的含义。"
"Warning",,0,0,"      MCG : warning MCG0007: 未能解析方法“System.Int32 Note.InkCanvasEx.SDK.Accredit.LocalVerifyNative.RegModules(System.IntPtr, Note.InkCanvasEx.SDK.Native.InfoCallback)”的 P/Invoke 方法“Dll\verify.dll!RegModules”。调用此方法将在运行时引发异常。请确保 P/Invoke 指向 UWP 应用程序中允许的 Windows API，或指向属于包一部分的本机 DLL。如果由于某些原因，P/Invoke 不满足这些条件，请使用 [DllImport(ExactSpelling=true) 指示你了解使用非 UWP API 的含义。"
"Warning",,0,0,"      MCG : warning MCG0007: 未能解析方法“System.Int32 Note.InkCanvasEx.SDK.Accredit.LocalVerifyNative.VerifyOffline(System.IntPtr)”的 P/Invoke 方法“Dll\verify.dll!VerifyOffline”。调用此方法将在运行时引发异常。请确保 P/Invoke 指向 UWP 应用程序中允许的 Windows API，或指向属于包一部分的本机 DLL。如果由于某些原因，P/Invoke 不满足这些条件，请使用 [DllImport(ExactSpelling=true) 指示你了解使用非 UWP API 的含义。"
"Warning",,0,0,"      MCG : warning MCG0007: 未能解析方法“System.Int32 Note.InkCanvasEx.SDK.Accredit.LocalVerifyNative.Verify(System.IntPtr)”的 P/Invoke 方法“Dll\verify.dll!Verify”。调用此方法将在运行时引发异常。请确保 P/Invoke 指向 UWP 应用程序中允许的 Windows API，或指向属于包一部分的本机 DLL。如果由于某些原因，P/Invoke 不满足这些条件，请使用 [DllImport(ExactSpelling=true) 指示你了解使用非 UWP API 的含义。"
"Warning",,0,0,"      MCG : warning MCG0007: 未能解析方法“System.Int32 Note.InkCanvasEx.SDK.Accredit.LocalVerifyNative.VerifyModule(System.IntPtr, System.String)”的 P/Invoke 方法“Dll\verify.dll!VerifyModule”。调用此方法将在运行时引发异常。请确保 P/Invoke 指向 UWP 应用程序中允许的 Windows API，或指向属于包一部分的本机 DLL。如果由于某些原因，P/Invoke 不满足这些条件，请使用 [DllImport(ExactSpelling=true) 指示你了解使用非 UWP API 的含义。"
"Warning",,0,0,"      MCG : warning MCG0007: 未能解析方法“System.Int32 Note.InkCanvasEx.SDK.Accredit.LocalVerifyNative.RegErrorMsg(System.IntPtr, Note.InkCanvasEx.SDK.Native.InfoCallback)”的 P/Invoke 方法“Dll\verify.dll!RegErrorMsg”。调用此方法将在运行时引发异常。请确保 P/Invoke 指向 UWP 应用程序中允许的 Windows API，或指向属于包一部分的本机 DLL。如果由于某些原因，P/Invoke 不满足这些条件，请使用 [DllImport(ExactSpelling=true) 指示你了解使用非 UWP API 的含义。"
"Warning",,0,0,"      MCG : warning MCG0007: 未能解析方法“System.Int32 Note.InkCanvasEx.SDK.Accredit.LocalVerifyNative.RegOutputMsg(System.IntPtr, Note.InkCanvasEx.SDK.Native.InfoCallback)”的 P/Invoke 方法“Dll\verify.dll!RegOutputMsg”。调用此方法将在运行时引发异常。请确保 P/Invoke 指向 UWP 应用程序中允许的 Windows API，或指向属于包一部分的本机 DLL。如果由于某些原因，P/Invoke 不满足这些条件，请使用 [DllImport(ExactSpelling=true) 指示你了解使用非 UWP API 的含义。"
"Warning",,0,0,"      MCG : warning MCG0007: 未能解析方法“System.Int32 Note.InkCanvasEx.SDK.Accredit.LocalVerifyNative.RegPrepareParam(System.IntPtr, Note.InkCanvasEx.SDK.Native.InfoCallback)”的 P/Invoke 方法“Dll\verify.dll!RegPrepareParam”。调用此方法将在运行时引发异常。请确保 P/Invoke 指向 UWP 应用程序中允许的 Windows API，或指向属于包一部分的本机 DLL。如果由于某些原因，P/Invoke 不满足这些条件，请使用 [DllImport(ExactSpelling=true) 指示你了解使用非 UWP API 的含义。"
"Warning",,0,0,"      MCG : warning MCG0007: 未能解析方法“System.Int32 Note.InkCanvasEx.SDK.Accredit.LocalVerifyNative.RegCommitParam(System.IntPtr, Note.InkCanvasEx.SDK.Native.InfoCallback)”的 P/Invoke 方法“Dll\verify.dll!RegCommitParam”。调用此方法将在运行时引发异常。请确保 P/Invoke 指向 UWP 应用程序中允许的 Windows API，或指向属于包一部分的本机 DLL。如果由于某些原因，P/Invoke 不满足这些条件，请使用 [DllImport(ExactSpelling=true) 指示你了解使用非 UWP API 的含义。"
"Warning",,0,0,"      MCG : warning MCG0007: 未能解析方法“System.Int32 Note.InkCanvasEx.SDK.Accredit.LocalVerifyNative.RegPrepareRet(System.IntPtr, Note.InkCanvasEx.SDK.Native.InfoCallback)”的 P/Invoke 方法“Dll\verify.dll!RegPrepareRet”。调用此方法将在运行时引发异常。请确保 P/Invoke 指向 UWP 应用程序中允许的 Windows API，或指向属于包一部分的本机 DLL。如果由于某些原因，P/Invoke 不满足这些条件，请使用 [DllImport(ExactSpelling=true) 指示你了解使用非 UWP API 的含义。"
"Warning",,0,0,"      MCG : warning MCG0007: 未能解析方法“System.Int32 Note.InkCanvasEx.SDK.Accredit.LocalVerifyNative.RegCommitRet(System.IntPtr, Note.InkCanvasEx.SDK.Native.InfoCallback)”的 P/Invoke 方法“Dll\verify.dll!RegCommitRet”。调用此方法将在运行时引发异常。请确保 P/Invoke 指向 UWP 应用程序中允许的 Windows API，或指向属于包一部分的本机 DLL。如果由于某些原因，P/Invoke 不满足这些条件，请使用 [DllImport(ExactSpelling=true) 指示你了解使用非 UWP API 的含义。"
"Warning",,0,0,"      MCG : warning MCG0007: 未能解析方法“System.Int32 Note.InkCanvasEx.SDK.Accredit.LocalVerifyNative.RegOnlineCertPlainText(System.IntPtr, Note.InkCanvasEx.SDK.Native.InfoCallback)”的 P/Invoke 方法“Dll\verify.dll!RegOnlineCertPlainText”。调用此方法将在运行时引发异常。请确保 P/Invoke 指向 UWP 应用程序中允许的 Windows API，或指向属于包一部分的本机 DLL。如果由于某些原因，P/Invoke 不满足这些条件，请使用 [DllImport(ExactSpelling=true) 指示你了解使用非 UWP API 的含义。"
"Warning",,0,0,"      MCG : warning MCG0007: 未能解析方法“System.Int32 Note.InkCanvasEx.SDK.Accredit.LocalVerifyNative.RegOfflineCertPlainText(System.IntPtr, Note.InkCanvasEx.SDK.Native.InfoCallback)”的 P/Invoke 方法“Dll\verify.dll!RegOfflineCertPlainText”。调用此方法将在运行时引发异常。请确保 P/Invoke 指向 UWP 应用程序中允许的 Windows API，或指向属于包一部分的本机 DLL。如果由于某些原因，P/Invoke 不满足这些条件，请使用 [DllImport(ExactSpelling=true) 指示你了解使用非 UWP API 的含义。"
"Warning",,0,0,"      MCG : warning MCG0007: 未能解析方法“System.Int32 Note.InkCanvasEx.SDK.Accredit.LocalVerifyNative.ReleaseVerify(System.IntPtr)”的 P/Invoke 方法“Dll\verify.dll!ReleaseVerify”。调用此方法将在运行时引发异常。请确保 P/Invoke 指向 UWP 应用程序中允许的 Windows API，或指向属于包一部分的本机 DLL。如果由于某些原因，P/Invoke 不满足这些条件，请使用 [DllImport(ExactSpelling=true) 指示你了解使用非 UWP API 的含义。"
"Warning",,0,0,"      MCG : warning MCG0007: 未能解析方法“System.Int32 Microsoft.DotNet.PlatformAbstractions.Native.NativeMethods.Darwin.sysctl(System.Int32*, System.UInt32, System.Byte*, System.UInt32*, System.IntPtr, System.UInt32)”的 P/Invoke 方法“libc!sysctl”。调用此方法将在运行时引发异常。请确保 P/Invoke 指向 UWP 应用程序中允许的 Windows API，或指向属于包一部分的本机 DLL。如果由于某些原因，P/Invoke 不满足这些条件，请使用 [DllImport(ExactSpelling=true) 指示你了解使用非 UWP API 的含义。"
"Warning",,0,0,"      MCG : warning MCG0007: 未能解析方法“System.Int32 Microsoft.DotNet.PlatformAbstractions.Native.NativeMethods.Windows.RtlGetVersion(Microsoft.DotNet.PlatformAbstractions.Native.NativeMethods.Windows.RTL_OSVERSIONINFOEX)”的 P/Invoke 方法“ntdll!RtlGetVersion”。调用此方法将在运行时引发异常。请确保 P/Invoke 指向 UWP 应用程序中允许的 Windows API，或指向属于包一部分的本机 DLL。如果由于某些原因，P/Invoke 不满足这些条件，请使用 [DllImport(ExactSpelling=true) 指示你了解使用非 UWP API 的含义。"
"Message",Normal,"          包含 [DllImport(ExactSpelling=true)] 的 P/Invoke“RhpGetFuncEvalParameterBufferSize”已被解析为“[MRT]!RhpGetFuncEvalParameterBufferSize”。"
"Message",Normal,"          包含 [DllImport(ExactSpelling=true)] 的 P/Invoke“RhpGetFuncEvalMode”已被解析为“[MRT]!RhpGetFuncEvalMode”。"
"Message",Normal,"          包含 [DllImport(ExactSpelling=true)] 的 P/Invoke“RhpRecordDebuggeeInitiatedHandle”已被解析为“[MRT]!RhpRecordDebuggeeInitiatedHandle”。"
"Message",Normal,"          包含 [DllImport(ExactSpelling=true)] 的 P/Invoke“RhpVerifyDebuggerCleanup”已被解析为“[MRT]!RhpVerifyDebuggerCleanup”。"
"Message",Normal,"          包含 [DllImport(ExactSpelling=true)] 的 P/Invoke“RhpGetCurrentThread”已被解析为“[MRT]!RhpGetCurrentThread”。"
"Message",Normal,"          包含 [DllImport(ExactSpelling=true)] 的 P/Invoke“RhWaitForPendingFinalizers”已被解析为“[MRT]!RhWaitForPendingFinalizers”。"
"Message",Normal,"          包含 [DllImport(ExactSpelling=true)] 的 P/Invoke“RhYield”已被解析为“[MRT]!RhYield”。"
"Message",Normal,"          包含 [DllImport(ExactSpelling=true)] 的 P/Invoke“RhFlushProcessWriteBuffers”已被解析为“[MRT]!RhFlushProcessWriteBuffers”。"
"Message",Normal,"          包含 [DllImport(ExactSpelling=true)] 的 P/Invoke“RhCompatibleReentrantWaitAny”已被解析为“[MRT]!RhCompatibleReentrantWaitAny”。"
"Message",Normal,"          包含 [DllImport(ExactSpelling=true)] 的 P/Invoke“RhCallDescrWorker”已被解析为“[MRT]!RhCallDescrWorker”。"
"Message",Normal,"          包含 [DllImport(ExactSpelling=true)] 的 P/Invoke“_ecvt_s”已被解析为“[MRT]!_ecvt_s”。"
"Message",Normal,"          包含 [DllImport(ExactSpelling=true)] 的 P/Invoke“memmove”已被解析为“[MRT]!memmove”。"
"Message",Normal,"          包含 [DllImport(ExactSpelling=true)] 的 P/Invoke“memset”已被解析为“[MRT]!memset”。"
"Message",Normal,"          包含 [DllImport(ExactSpelling=true)] 的 P/Invoke“CallingConventionConverter_GetStubs”已被解析为“*!CallingConventionConverter_GetStubs”。"
"Message",Normal,"          P/Invoke“WindowsCreateStringReference”已从“SupportedAPIs.xml”解析为“WindowsCreateStringReference!api-ms-win-core-winrt-string-l1-1-0.dll”。"
"Message",Normal,"          P/Invoke“GetLastError”已从“SupportedAPIs.xml”解析为“GetLastError!api-ms-win-core-errorhandling-l1-1-0.dll”。"
"Message",Normal,"          P/Invoke“SetLastError”已从“SupportedAPIs.xml”解析为“SetLastError!api-ms-win-core-errorhandling-l1-1-0.dll”。"
"Message",Normal,"          P/Invoke“RoInitialize”已从“SupportedAPIs.xml”解析为“RoInitialize!api-ms-win-core-winrt-l1-1-0.dll”。"
"Message",Normal,"          P/Invoke“GetSystemInfo”已从“SupportedAPIs.xml”解析为“GetSystemInfo!kernel32.dll”。"
"Message",Normal,"          P/Invoke“IsValidLocaleName”已从“SupportedAPIs.xml”解析为“IsValidLocaleName!api-ms-win-core-localization-l1-2-0.dll”。"
"Message",Normal,"          P/Invoke“ResolveLocaleName”已从“SupportedAPIs.xml”解析为“ResolveLocaleName!api-ms-win-core-localization-l1-2-0.dll”。"
"Message",Normal,"          P/Invoke“RegCloseKey”已从“SupportedAPIs.xml”解析为“RegCloseKey!advapi32.dll”。"
"Message",Normal,"          P/Invoke“CertDuplicateCertificateContext”已从“SupportedAPIs.xml”解析为“CertDuplicateCertificateContext!crypt32.dll”。"
"Message",Normal,"          P/Invoke“CertGetCertificateContextProperty”已从“SupportedAPIs.xml”解析为“CertGetCertificateContextProperty!crypt32.dll”。"
"Message",Normal,"          P/Invoke“GetAdaptersAddresses”已从“SupportedAPIs.xml”解析为“GetAdaptersAddresses!iphlpapi.dll”。"
"Message",Normal,"          P/Invoke“GetCPInfoExW”已从“SupportedAPIs.xml”解析为“GetCPInfoExW!kernel32.dll”。"
"Message",Normal,"          P/Invoke“CryptQueryObject”已从“SupportedAPIs.xml”解析为“CryptQueryObject!crypt32.dll”。"
"Message",Normal,"          P/Invoke“CertDuplicateCertificateContext”已从“SupportedAPIs.xml”解析为“CertDuplicateCertificateContext!crypt32.dll”。"
"Message",Normal,"          P/Invoke“BCryptCreateHash”已从“SupportedAPIs.xml”解析为“BCryptCreateHash!BCrypt.dll”。"
"Message",Normal,"          P/Invoke“BCryptGetProperty”已从“SupportedAPIs.xml”解析为“BCryptGetProperty!BCrypt.dll”。"
"Message",Normal,"          P/Invoke“GetStdHandle”已从“SupportedAPIs.xml”解析为“GetStdHandle!kernel32.dll”。"
"Message",Normal,"          P/Invoke“CreateProcessWithLogonW”已从“SupportedAPIs.xml”解析为“CreateProcessWithLogonW!advapi32.dll”。"
"Message",Normal,"          P/Invoke“CreateProcessW”已从“SupportedAPIs.xml”解析为“CreateProcessW!kernel32.dll”。"
"Message",Normal,"          P/Invoke“GetConsoleCP”已从“SupportedAPIs.xml”解析为“GetConsoleCP!kernel32.dll”。"
"Message",Normal,"          P/Invoke“GetConsoleOutputCP”已从“SupportedAPIs.xml”解析为“GetConsoleOutputCP!kernel32.dll”。"
"Message",Normal,"          P/Invoke“SetThreadErrorMode”已从“SupportedAPIs.xml”解析为“SetThreadErrorMode!kernel32.dll”。"
"Message",Normal,"          P/Invoke“GetFileAttributesExW”已从“SupportedAPIs.xml”解析为“GetFileAttributesExW!kernel32.dll”。"
"Message",Normal,"          P/Invoke“FindFirstFileExW”已从“SupportedAPIs.xml”解析为“FindFirstFileExW!kernel32.dll”。"
"Message",Normal,"          P/Invoke“GetNetworkParams”已从“SupportedAPIs.xml”解析为“GetNetworkParams!iphlpapi.dll”。"
"Message",Normal,"          P/Invoke“LocalAlloc”已从“SupportedAPIs.xml”解析为“LocalAlloc!kernel32.dll”。"
"Message",Normal,"          P/Invoke“GetExitCodeProcess”已从“SupportedAPIs.xml”解析为“GetExitCodeProcess!kernel32.dll”。"
"Message",Normal,"          P/Invoke“GetCurrentProcess”已从“SupportedAPIs.xml”解析为“GetCurrentProcess!kernel32.dll”。"
"Message",Normal,"          P/Invoke“DuplicateHandle”已从“SupportedAPIs.xml”解析为“DuplicateHandle!kernel32.dll”。"
"Message",Normal,"          P/Invoke“RegOpenKeyExW”已从“SupportedAPIs.xml”解析为“RegOpenKeyExW!advapi32.dll”。"
"Message",Normal,"          P/Invoke“RegQueryValueExW”已从“SupportedAPIs.xml”解析为“RegQueryValueExW!advapi32.dll”。"
"Message",Normal,"          P/Invoke“RegQueryValueExW”已从“SupportedAPIs.xml”解析为“RegQueryValueExW!advapi32.dll”。"
"Message",Normal,"          P/Invoke“RegQueryValueExW”已从“SupportedAPIs.xml”解析为“RegQueryValueExW!advapi32.dll”。"
"Message",Normal,"          P/Invoke“RegQueryValueExW”已从“SupportedAPIs.xml”解析为“RegQueryValueExW!advapi32.dll”。"
"Message",Normal,"          P/Invoke“CertFreeCertificateContext”已从“SupportedAPIs.xml”解析为“CertFreeCertificateContext!crypt32.dll”。"
"Message",Normal,"          P/Invoke“LocalFree”已从“SupportedAPIs.xml”解析为“LocalFree!kernel32.dll”。"
"Message",Normal,"          P/Invoke“CloseHandle”已从“SupportedAPIs.xml”解析为“CloseHandle!kernel32.dll”。"
"Message",Normal,"          P/Invoke“CryptMsgGetParam”已从“SupportedAPIs.xml”解析为“CryptMsgGetParam!crypt32.dll”。"
"Message",Normal,"          P/Invoke“CryptMsgGetParam”已从“SupportedAPIs.xml”解析为“CryptMsgGetParam!crypt32.dll”。"
"Message",Normal,"          P/Invoke“PFXImportCertStore”已从“SupportedAPIs.xml”解析为“PFXImportCertStore!crypt32.dll”。"
"Message",Normal,"          P/Invoke“CryptFindOIDInfo”已从“SupportedAPIs.xml”解析为“CryptFindOIDInfo!crypt32.dll”。"
"Message",Normal,"          P/Invoke“BCryptOpenAlgorithmProvider”已从“SupportedAPIs.xml”解析为“BCryptOpenAlgorithmProvider!BCrypt.dll”。"
"Message",Normal,"          P/Invoke“DuplicateHandle”已从“SupportedAPIs.xml”解析为“DuplicateHandle!kernel32.dll”。"
"Message",Normal,"          P/Invoke“OpenProcess”已从“SupportedAPIs.xml”解析为“OpenProcess!kernel32.dll”。"
"Message",Normal,"          P/Invoke“CoCreateInstance”已从“SupportedAPIs.xml”解析为“CoCreateInstance!api-ms-win-core-com-l1-1-0.dll”。"
"Message",Normal,"          P/Invoke“GetCurrentProcessId”已从“SupportedAPIs.xml”解析为“GetCurrentProcessId!kernel32.dll”。"
"Message",Normal,"          P/Invoke“BCryptHashData”已从“SupportedAPIs.xml”解析为“BCryptHashData!BCrypt.dll”。"
"Message",Normal,"          P/Invoke“CertGetCertificateContextProperty”已从“SupportedAPIs.xml”解析为“CertGetCertificateContextProperty!crypt32.dll”。"
"Message",Normal,"          P/Invoke“CertCloseStore”已从“SupportedAPIs.xml”解析为“CertCloseStore!crypt32.dll”。"
"Message",Normal,"          P/Invoke“CryptMsgClose”已从“SupportedAPIs.xml”解析为“CryptMsgClose!crypt32.dll”。"
"Message",Normal,"          P/Invoke“BCryptCloseAlgorithmProvider”已从“SupportedAPIs.xml”解析为“BCryptCloseAlgorithmProvider!BCrypt.dll”。"
"Message",Normal,"          P/Invoke“BCryptDestroyHash”已从“SupportedAPIs.xml”解析为“BCryptDestroyHash!BCrypt.dll”。"
"Message",Normal,"          P/Invoke“FindClose”已从“SupportedAPIs.xml”解析为“FindClose!kernel32.dll”。"
"Message",Normal,"          P/Invoke“LookupPrivilegeValueW”已从“SupportedAPIs.xml”解析为“LookupPrivilegeValueW!advapi32.dll”。"
"Message",Normal,"          P/Invoke“OpenProcessToken”已从“SupportedAPIs.xml”解析为“OpenProcessToken!advapi32.dll”。"
"Message",Normal,"          P/Invoke“AdjustTokenPrivileges”已从“SupportedAPIs.xml”解析为“AdjustTokenPrivileges!advapi32.dll”。"
"Message",Normal,"          P/Invoke“CertFindCertificateInStore”已从“SupportedAPIs.xml”解析为“CertFindCertificateInStore!crypt32.dll”。"
"Message",Normal,"          P/Invoke“CryptAcquireContextW”已从“SupportedAPIs.xml”解析为“CryptAcquireContextW!advapi32.dll”。"
"Message",Normal,"          P/Invoke“CertEnumCertificatesInStore”已从“SupportedAPIs.xml”解析为“CertEnumCertificatesInStore!crypt32.dll”。"
"Message",Normal,"          P/Invoke“CreatePipe”已从“SupportedAPIs.xml”解析为“CreatePipe!kernel32.dll”。"
"Message",Normal,"          P/Invoke“GetProcessId”已从“SupportedAPIs.xml”解析为“GetProcessId!kernel32.dll”。"
"Message",Normal,"          P/Invoke“BCryptFinishHash”已从“SupportedAPIs.xml”解析为“BCryptFinishHash!BCrypt.dll”。"
"Message",Normal,"          P/Invoke“WSAGetOverlappedResult”已从“SupportedAPIs.xml”解析为“WSAGetOverlappedResult!ws2_32.dll”。"
"Message",Normal,"          P/Invoke“SysFreeString”已从“SupportedAPIs.xml”解析为“SysFreeString!OleAut32”。"
"Message",Normal,"          P/Invoke“FormatMessageW”已从“SupportedAPIs.xml”解析为“FormatMessageW!kernel32.dll”。"
"Message",Normal,"          P/Invoke“GetPerAdapterInfo”已从“SupportedAPIs.xml”解析为“GetPerAdapterInfo!iphlpapi.dll”。"
"Message",Normal,"          P/Invoke“FormatMessageW”已从“SupportedAPIs.xml”解析为“FormatMessageW!kernel32.dll”。"
"Message",Normal,"          P/Invoke“GetStdHandle”已从“SupportedAPIs.xml”解析为“GetStdHandle!kernel32.dll”。"
"Message",Normal,"          P/Invoke“CertGetNameStringW”已从“SupportedAPIs.xml”解析为“CertGetNameStringW!crypt32.dll”。"
"Message",Normal,"          P/Invoke“NCryptOpenKey”已从“SupportedAPIs.xml”解析为“NCryptOpenKey!ncrypt.dll”。"
"Message",Normal,"          P/Invoke“GetComputerNameW”已从“SupportedAPIs.xml”解析为“GetComputerNameW!kernel32.dll”。"
"Message",Normal,"          P/Invoke“WriteFile”已从“SupportedAPIs.xml”解析为“WriteFile!kernel32.dll”。"
"Message",Normal,"          P/Invoke“GetFileType”已从“SupportedAPIs.xml”解析为“GetFileType!kernel32.dll”。"
"Message",Normal,"          P/Invoke“GetConsoleOutputCP”已从“SupportedAPIs.xml”解析为“GetConsoleOutputCP!kernel32.dll”。"
"Message",Normal,"          P/Invoke“setsockopt”已从“SupportedAPIs.xml”解析为“setsockopt!ws2_32.dll”。"
"Message",Normal,"          P/Invoke“setsockopt”已从“SupportedAPIs.xml”解析为“setsockopt!ws2_32.dll”。"
"Message",Normal,"          P/Invoke“NCryptDeleteKey”已从“SupportedAPIs.xml”解析为“NCryptDeleteKey!ncrypt.dll”。"
"Message",Normal,"          P/Invoke“WideCharToMultiByte”已从“SupportedAPIs.xml”解析为“WideCharToMultiByte!kernel32.dll”。"
"Message",Normal,"          P/Invoke“MultiByteToWideChar”已从“SupportedAPIs.xml”解析为“MultiByteToWideChar!kernel32.dll”。"
"Message",Normal,"          P/Invoke“NCryptOpenStorageProvider”已从“SupportedAPIs.xml”解析为“NCryptOpenStorageProvider!ncrypt.dll”。"
"Message",Normal,"          P/Invoke“FormatMessageW”已从“SupportedAPIs.xml”解析为“FormatMessageW!kernel32.dll”。"
"Message",Normal,"          P/Invoke“FormatMessageW”已从“SupportedAPIs.xml”解析为“FormatMessageW!kernel32.dll”。"
"Message",Normal,"          P/Invoke“ReadFile”已从“SupportedAPIs.xml”解析为“ReadFile!kernel32.dll”。"
"Message",Normal,"          P/Invoke“ReadConsoleW”已从“SupportedAPIs.xml”解析为“ReadConsoleW!kernel32.dll”。"
"Message",Normal,"          P/Invoke“WriteConsoleW”已从“SupportedAPIs.xml”解析为“WriteConsoleW!kernel32.dll”。"
"Message",Normal,"          P/Invoke“GetCPInfoExW”已从“SupportedAPIs.xml”解析为“GetCPInfoExW!kernel32.dll”。"
"Message",Normal,"          P/Invoke“K32EnumProcesses”已从“SupportedAPIs.xml”解析为“K32EnumProcesses!kernel32.dll”。"
"Message",Normal,"          P/Invoke“GetConsoleCP”已从“SupportedAPIs.xml”解析为“GetConsoleCP!kernel32.dll”。"
"Message",Normal,"          P/Invoke“NCryptFreeObject”已从“SupportedAPIs.xml”解析为“NCryptFreeObject!ncrypt.dll”。"
"Message",Normal,"          P/Invoke“WideCharToMultiByte”已从“SupportedAPIs.xml”解析为“WideCharToMultiByte!kernel32.dll”。"
"Message",Normal,"          P/Invoke“MultiByteToWideChar”已从“SupportedAPIs.xml”解析为“MultiByteToWideChar!kernel32.dll”。"
"Message",Normal,"          P/Invoke“BCryptGenRandom”已从“SupportedAPIs.xml”解析为“BCryptGenRandom!BCrypt.dll”。"
"Message",Normal,"          P/Invoke“GetCPInfoExW”已从“SupportedAPIs.xml”解析为“GetCPInfoExW!kernel32.dll”。"
"Message",Normal,"          P/Invoke“FormatMessageW”已从“SupportedAPIs.xml”解析为“FormatMessageW!kernel32.dll”。"
"Message",Normal,"          P/Invoke“GetConsoleMode”已从“SupportedAPIs.xml”解析为“GetConsoleMode!kernel32.dll”。"
"Message",Normal,"          P/Invoke“getsockname”已从“SupportedAPIs.xml”解析为“getsockname!ws2_32.dll”。"
"Message",Normal,"          P/Invoke“getpeername”已从“SupportedAPIs.xml”解析为“getpeername!ws2_32.dll”。"
"Message",Normal,"          P/Invoke“CertGetNameStringW”已从“SupportedAPIs.xml”解析为“CertGetNameStringW!crypt32.dll”。"
"Message",Normal,"          P/Invoke“WSAStartup”已从“SupportedAPIs.xml”解析为“WSAStartup!ws2_32.dll”。"
"Message",Normal,"          P/Invoke“FormatMessageW”已从“SupportedAPIs.xml”解析为“FormatMessageW!kernel32.dll”。"
"Message",Normal,"          P/Invoke“select”已从“SupportedAPIs.xml”解析为“select!ws2_32.dll”。"
"Message",Normal,"          P/Invoke“select”已从“SupportedAPIs.xml”解析为“select!ws2_32.dll”。"
"Message",Normal,"          P/Invoke“ioctlsocket”已从“SupportedAPIs.xml”解析为“ioctlsocket!ws2_32.dll”。"
"Message",Normal,"          P/Invoke“shutdown”已从“SupportedAPIs.xml”解析为“shutdown!ws2_32.dll”。"
"Message",Normal,"          P/Invoke“setsockopt”已从“SupportedAPIs.xml”解析为“setsockopt!ws2_32.dll”。"
"Message",Normal,"          P/Invoke“CryptGetKeyParam”已从“SupportedAPIs.xml”解析为“CryptGetKeyParam!advapi32.dll”。"
"Message",Normal,"          P/Invoke“recv”已从“SupportedAPIs.xml”解析为“recv!ws2_32.dll”。"
"Message",Normal,"          P/Invoke“WSAIoctl”已从“SupportedAPIs.xml”解析为“WSAIoctl!ws2_32.dll”。"
"Message",Normal,"          P/Invoke“CryptFindOIDInfo”已从“SupportedAPIs.xml”解析为“CryptFindOIDInfo!crypt32.dll”。"
"Message",Normal,"          P/Invoke“RoGetBufferMarshaler”已从“SupportedAPIs.xml”解析为“RoGetBufferMarshaler!api-ms-win-core-winrt-robuffer-l1-1-0.dll”。"
"Message",Normal,"          P/Invoke“RevertToSelf”已从“SupportedAPIs.xml”解析为“RevertToSelf!advapi32.dll”。"
"Message",Normal,"          P/Invoke“ImpersonateLoggedOnUser”已从“SupportedAPIs.xml”解析为“ImpersonateLoggedOnUser!advapi32.dll”。"
"Message",Normal,"          P/Invoke“GetAddrInfoW”已从“SupportedAPIs.xml”解析为“GetAddrInfoW!ws2_32.dll”。"
"Message",Normal,"          P/Invoke“WSASocketW”已从“SupportedAPIs.xml”解析为“WSASocketW!ws2_32.dll”。"
"Message",Normal,"          P/Invoke“closesocket”已从“SupportedAPIs.xml”解析为“closesocket!ws2_32.dll”。"
"Message",Normal,"          P/Invoke“WSASocketW”已从“SupportedAPIs.xml”解析为“WSASocketW!ws2_32.dll”。"
"Message",Normal,"          P/Invoke“WSAConnect”已从“SupportedAPIs.xml”解析为“WSAConnect!ws2_32.dll”。"
"Message",Normal,"          P/Invoke“CryptGetDefaultProviderW”已从“SupportedAPIs.xml”解析为“CryptGetDefaultProviderW!advapi32.dll”。"
"Message",Normal,"          P/Invoke“CryptAcquireContextW”已从“SupportedAPIs.xml”解析为“CryptAcquireContextW!advapi32.dll”。"
"Message",Normal,"          P/Invoke“CryptGetUserKey”已从“SupportedAPIs.xml”解析为“CryptGetUserKey!advapi32.dll”。"
"Message",Normal,"          P/Invoke“listen”已从“SupportedAPIs.xml”解析为“listen!ws2_32.dll”。"
"Message",Normal,"          P/Invoke“CertGetCertificateChain”已从“SupportedAPIs.xml”解析为“CertGetCertificateChain!crypt32.dll”。"
"Message",Normal,"          P/Invoke“CertNameToStrW”已从“SupportedAPIs.xml”解析为“CertNameToStrW!crypt32.dll”。"
"Message",Normal,"          P/Invoke“CryptFormatObject”已从“SupportedAPIs.xml”解析为“CryptFormatObject!crypt32.dll”。"
"Message",Normal,"          P/Invoke“GetCurrentThread”已从“SupportedAPIs.xml”解析为“GetCurrentThread!kernel32.dll”。"
"Message",Normal,"          P/Invoke“OpenThreadToken”已从“SupportedAPIs.xml”解析为“OpenThreadToken!advapi32.dll”。"
"Message",Normal,"          P/Invoke“GetCurrentProcess”已从“SupportedAPIs.xml”解析为“GetCurrentProcess!kernel32.dll”。"
"Message",Normal,"          P/Invoke“OpenProcessToken”已从“SupportedAPIs.xml”解析为“OpenProcessToken!advapi32.dll”。"
"Message",Normal,"          P/Invoke“CryptGetProvParam”已从“SupportedAPIs.xml”解析为“CryptGetProvParam!advapi32.dll”。"
"Message",Normal,"          P/Invoke“bind”已从“SupportedAPIs.xml”解析为“bind!ws2_32.dll”。"
"Message",Normal,"          P/Invoke“getsockopt”已从“SupportedAPIs.xml”解析为“getsockopt!ws2_32.dll”。"
"Message",Normal,"          P/Invoke“send”已从“SupportedAPIs.xml”解析为“send!ws2_32.dll”。"
"Message",Normal,"          P/Invoke“CryptDestroyKey”已从“SupportedAPIs.xml”解析为“CryptDestroyKey!advapi32.dll”。"
"Message",Normal,"          P/Invoke“CryptFormatObject”已从“SupportedAPIs.xml”解析为“CryptFormatObject!crypt32.dll”。"
"Message",Normal,"          P/Invoke“CloseHandle”已从“SupportedAPIs.xml”解析为“CloseHandle!kernel32.dll”。"
"Message",Normal,"          P/Invoke“freeaddrinfo”已从“SupportedAPIs.xml”解析为“freeaddrinfo!ws2_32.dll”。"
"Message",Normal,"          P/Invoke“FreeAddrInfoExW”已从“SupportedAPIs.xml”解析为“FreeAddrInfoExW!ws2_32.dll”。"
"Message",Normal,"          P/Invoke“WSASocketW”已从“SupportedAPIs.xml”解析为“WSASocketW!ws2_32.dll”。"
"Message",Normal,"          P/Invoke“closesocket”已从“SupportedAPIs.xml”解析为“closesocket!ws2_32.dll”。"
"Message",Normal,"          P/Invoke“gethostname”已从“SupportedAPIs.xml”解析为“gethostname!ws2_32.dll”。"
"Message",Normal,"          P/Invoke“getsockopt”已从“SupportedAPIs.xml”解析为“getsockopt!ws2_32.dll”。"
"Message",Normal,"          P/Invoke“getsockopt”已从“SupportedAPIs.xml”解析为“getsockopt!ws2_32.dll”。"
"Message",Normal,"          P/Invoke“getsockopt”已从“SupportedAPIs.xml”解析为“getsockopt!ws2_32.dll”。"
"Message",Normal,"          P/Invoke“CryptImportPublicKeyInfoEx2”已从“SupportedAPIs.xml”解析为“CryptImportPublicKeyInfoEx2!crypt32.dll”。"
"Message",Normal,"          P/Invoke“BCryptExportKey”已从“SupportedAPIs.xml”解析为“BCryptExportKey!BCrypt.dll”。"
"Message",Normal,"          P/Invoke“CryptDecodeObject”已从“SupportedAPIs.xml”解析为“CryptDecodeObject!crypt32.dll”。"
"Message",Normal,"          P/Invoke“ioctlsocket”已从“SupportedAPIs.xml”解析为“ioctlsocket!ws2_32.dll”。"
"Message",Normal,"          P/Invoke“setsockopt”已从“SupportedAPIs.xml”解析为“setsockopt!ws2_32.dll”。"
"Message",Normal,"          P/Invoke“CryptReleaseContext”已从“SupportedAPIs.xml”解析为“CryptReleaseContext!advapi32.dll”。"
"Message",Normal,"          P/Invoke“CertFreeCertificateChain”已从“SupportedAPIs.xml”解析为“CertFreeCertificateChain!crypt32.dll”。"
"Message",Normal,"          P/Invoke“GetNetworkParams”已从“SupportedAPIs.xml”解析为“GetNetworkParams!iphlpapi.dll”。"
"Message",Normal,"          P/Invoke“LocalAlloc”已从“SupportedAPIs.xml”解析为“LocalAlloc!kernel32.dll”。"
"Message",Normal,"          P/Invoke“CertVerifyCertificateChainPolicy”已从“SupportedAPIs.xml”解析为“CertVerifyCertificateChainPolicy!crypt32.dll”。"
"Message",Normal,"          P/Invoke“LsaGetLogonSessionData”已从“SupportedAPIs.xml”解析为“LsaGetLogonSessionData!sspicli.dll”。"
"Message",Normal,"          P/Invoke“CertAddCertificateLinkToStore”已从“SupportedAPIs.xml”解析为“CertAddCertificateLinkToStore!crypt32.dll”。"
"Message",Normal,"          P/Invoke“FormatMessageW”已从“SupportedAPIs.xml”解析为“FormatMessageW!kernel32.dll”。"
"Message",Normal,"          P/Invoke“BCryptGetProperty”已从“SupportedAPIs.xml”解析为“BCryptGetProperty!BCrypt.dll”。"
"Message",Normal,"          P/Invoke“NCryptImportKey”已从“SupportedAPIs.xml”解析为“NCryptImportKey!ncrypt.dll”。"
"Message",Normal,"          P/Invoke“NCryptGetProperty”已从“SupportedAPIs.xml”解析为“NCryptGetProperty!ncrypt.dll”。"
"Message",Normal,"          P/Invoke“CryptImportKey”已从“SupportedAPIs.xml”解析为“CryptImportKey!advapi32.dll”。"
"Message",Normal,"          P/Invoke“CryptSetProvParam”已从“SupportedAPIs.xml”解析为“CryptSetProvParam!advapi32.dll”。"
"Message",Normal,"          P/Invoke“LsaNtStatusToWinError”已从“SupportedAPIs.xml”解析为“LsaNtStatusToWinError!advapi32.dll”。"
"Message",Normal,"          P/Invoke“DuplicateTokenEx”已从“SupportedAPIs.xml”解析为“DuplicateTokenEx!advapi32.dll”。"
"Message",Normal,"          P/Invoke“CheckTokenMembershipEx”已从“SupportedAPIs.xml”解析为“CheckTokenMembershipEx!kernel32.dll”。"
"Message",Normal,"          P/Invoke“BCryptDestroyKey”已从“SupportedAPIs.xml”解析为“BCryptDestroyKey!BCrypt.dll”。"
"Message",Normal,"          P/Invoke“LocalFree”已从“SupportedAPIs.xml”解析为“LocalFree!kernel32.dll”。"
"Message",Normal,"          P/Invoke“LsaFreeReturnBuffer”已从“SupportedAPIs.xml”解析为“LsaFreeReturnBuffer!sspicli.dll”。"
"Message",Normal,"          P/Invoke“CertControlStore”已从“SupportedAPIs.xml”解析为“CertControlStore!crypt32.dll”。"
"Message",Normal,"          P/Invoke“CertOpenStore”已从“SupportedAPIs.xml”解析为“CertOpenStore!crypt32.dll”。"
"Message",Normal,"          P/Invoke“accept”已从“SupportedAPIs.xml”解析为“accept!ws2_32.dll”。"
"Message",Normal,"          P/Invoke“GetAddrInfoExW”已从“SupportedAPIs.xml”解析为“GetAddrInfoExW!ws2_32.dll”。"
"Message",Normal,"          P/Invoke“WSARecv”已从“SupportedAPIs.xml”解析为“WSARecv!ws2_32.dll”。"
"Message",Normal,"          P/Invoke“WSASend”已从“SupportedAPIs.xml”解析为“WSASend!ws2_32.dll”。"
"Message",Normal,"          P/Invoke“NCryptSetProperty”已从“SupportedAPIs.xml”解析为“NCryptSetProperty!ncrypt.dll”。"
"Message",Normal,"          P/Invoke“CryptDecodeObject”已从“SupportedAPIs.xml”解析为“CryptDecodeObject!crypt32.dll”。"
"Message",Normal,"          P/Invoke“CryptSetProvParam”已从“SupportedAPIs.xml”解析为“CryptSetProvParam!advapi32.dll”。"
"Message",Normal,"          P/Invoke“GetTokenInformation”已从“SupportedAPIs.xml”解析为“GetTokenInformation!advapi32.dll”。"
"Message",Normal,"          P/Invoke“LocalAlloc”已从“SupportedAPIs.xml”解析为“LocalAlloc!kernel32.dll”。"
"Message",Normal,"          P/Invoke“LocalFree”已从“SupportedAPIs.xml”解析为“LocalFree!kernel32.dll”。"
"Message",Normal,"          P/Invoke“CryptFindOIDInfo”已从“SupportedAPIs.xml”解析为“CryptFindOIDInfo!crypt32.dll”。"
"Message",Normal,"          P/Invoke“CryptGenKey”已从“SupportedAPIs.xml”解析为“CryptGenKey!advapi32.dll”。"
"Message",Normal,"          P/Invoke“CertFindExtension”已从“SupportedAPIs.xml”解析为“CertFindExtension!crypt32.dll”。"
"Message",Normal,"          P/Invoke“CertGetValidUsages”已从“SupportedAPIs.xml”解析为“CertGetValidUsages!crypt32.dll”。"
"Message",Normal,"          P/Invoke“CertGetIntendedKeyUsage”已从“SupportedAPIs.xml”解析为“CertGetIntendedKeyUsage!crypt32.dll”。"
"Message",Normal,"          P/Invoke“GetNameInfoW”已从“SupportedAPIs.xml”解析为“GetNameInfoW!ws2_32.dll”。"
"Message",Normal,"          P/Invoke“GetTokenInformation”已从“SupportedAPIs.xml”解析为“GetTokenInformation!advapi32.dll”。"
"Message",Normal,"          P/Invoke“DuplicateHandle”已从“SupportedAPIs.xml”解析为“DuplicateHandle!kernel32.dll”。"
"Message",Normal,"          P/Invoke“CertVerifyTimeValidity”已从“SupportedAPIs.xml”解析为“CertVerifyTimeValidity!crypt32.dll”。"
"Message",Normal,"          P/Invoke“CertVerifyCertificateChainPolicy”已从“SupportedAPIs.xml”解析为“CertVerifyCertificateChainPolicy!crypt32.dll”。"
"Message",Normal,"          P/Invoke“LsaLookupSids”已从“SupportedAPIs.xml”解析为“LsaLookupSids!advapi32.dll”。"
"Message",Normal,"          P/Invoke“LsaLookupNames2”已从“SupportedAPIs.xml”解析为“LsaLookupNames2!advapi32.dll”。"
"Message",Normal,"          P/Invoke“CertEnumCertificatesInStore”已从“SupportedAPIs.xml”解析为“CertEnumCertificatesInStore!crypt32.dll”。"
"Message",Normal,"          P/Invoke“SetFileCompletionNotificationModes”已从“SupportedAPIs.xml”解析为“SetFileCompletionNotificationModes!kernel32.dll”。"
"Message",Normal,"          P/Invoke“LsaOpenPolicy”已从“SupportedAPIs.xml”解析为“LsaOpenPolicy!advapi32.dll”。"
"Message",Normal,"          P/Invoke“LsaClose”已从“SupportedAPIs.xml”解析为“LsaClose!advapi32.dll”。"
"Message",Normal,"          P/Invoke“LsaFreeMemory”已从“SupportedAPIs.xml”解析为“LsaFreeMemory!advapi32.dll”。"
"Message",Normal,"          P/Invoke“CertFreeCertificateContext”已从“SupportedAPIs.xml”解析为“CertFreeCertificateContext!crypt32.dll”。"
"Message",Normal,"          P/Invoke“EncryptMessage”已从“SupportedAPIs.xml”解析为“EncryptMessage!sspicli.dll”。"
"Message",Normal,"          P/Invoke“DecryptMessage”已从“SupportedAPIs.xml”解析为“DecryptMessage!sspicli.dll”。"
"Message",Normal,"          P/Invoke“EnumerateSecurityPackagesW”已从“SupportedAPIs.xml”解析为“EnumerateSecurityPackagesW!sspicli.dll”。"
"Message",Normal,"          P/Invoke“QueryContextAttributesW”已从“SupportedAPIs.xml”解析为“QueryContextAttributesW!sspicli.dll”。"
"Message",Normal,"          P/Invoke“ApplyControlToken”已从“SupportedAPIs.xml”解析为“ApplyControlToken!sspicli.dll”。"
"Message",Normal,"          P/Invoke“FreeContextBuffer”已从“SupportedAPIs.xml”解析为“FreeContextBuffer!sspicli.dll”。"
"Message",Normal,"          P/Invoke“AcceptSecurityContext”已从“SupportedAPIs.xml”解析为“AcceptSecurityContext!sspicli.dll”。"
"Message",Normal,"          P/Invoke“DeleteSecurityContext”已从“SupportedAPIs.xml”解析为“DeleteSecurityContext!sspicli.dll”。"
"Message",Normal,"          P/Invoke“InitializeSecurityContextW”已从“SupportedAPIs.xml”解析为“InitializeSecurityContextW!sspicli.dll”。"
"Message",Normal,"          P/Invoke“AcquireCredentialsHandleW”已从“SupportedAPIs.xml”解析为“AcquireCredentialsHandleW!sspicli.dll”。"
"Message",Normal,"          P/Invoke“FreeCredentialsHandle”已从“SupportedAPIs.xml”解析为“FreeCredentialsHandle!sspicli.dll”。"
"Message",High,"  正在生成代码..."
"Message",High,"  生成的互操作代码。"
"Message",Normal,"  将代码写入到 AssemblyInfo.g.cs"
"Message",Normal,"  将代码写入到 Adapters.g.cs"
"Message",Normal,"  将代码写入到 Data.g.cs"
"Message",Normal,"  将代码写入到 Helpers.g.cs"
"Message",Normal,"  将代码写入到 ImplTypes.g.cs"
"Message",Normal,"  将代码写入到 PInvoke.g.cs"
"Message",Normal,"  将代码写入到 SafeTypes.g.cs"
"Message",Normal,"  将代码写入到 SharedStubs.g.cs"
"Message",Normal,"正在运行“GenerateCodeAndCompile”转换，达到 366 MB 时形成堆。"
"Message",High,"正在编译互操作代码"
"Message",Normal,"编译生成的源代码: C:\Users\37095\.nuget\packages\microsoft.net.native.compiler\2.2.10-rel-29722-00\tools\csc\csc.exe /noconfig @""F:\Note优化\Note重构\Note优化版\Note.InkCanvasEx\obj\x64\Release\ilc\intermediate\Note.InkCanvasEx.McgInterop.rsp"""
"Message",High,"正在生成 System.Reflection.DispatchProxy 代理代码。"
"Message",Normal,"正在运行“ReducedCopyInitialize”转换，达到 367 MB 时形成堆。"
"Message",Normal,"正在运行“ReducedCopyEmptyTypes”转换，达到 328 MB 时形成堆。"
"Message",Normal,"正在运行“ReducedCopyPopulateTypes”转换，达到 334 MB 时形成堆。"
"Message",Normal,"正在运行“ReducedCopyLateMetadata”转换，达到 382 MB 时形成堆。"
"Message",Normal,"正在运行“ReducedCopyPassResourcesToMutableAssembly”转换，达到 395 MB 时形成堆。"
"Message",Normal,"正在运行“ReducedCopyMethodBodies”转换，达到 397 MB 时形成堆。"
"Message",Normal,"正在运行“ReducedCopyComplete”转换，达到 376 MB 时形成堆。"
"Message",Normal,"正在运行“ReducedCopyCleanup”转换，达到 394 MB 时形成堆。"
"Message",Normal,"正在运行“DeveloperExperienceModeOnlyCodeRemover”转换，达到 394 MB 时形成堆。"
"Message",Normal,"正在运行“ComImportDetector”转换，达到 395 MB 时形成堆。"
"Message",Normal,"正在运行“McgAccessor”转换，达到 395 MB 时形成堆。"
"Message",Normal,"正在运行“McgRedirect”转换，达到 398 MB 时形成堆。"
"Message",Normal,"正在运行“McgRedirect”转换，达到 404 MB 时形成堆。"
"Message",Normal,"正在运行“McgTypeOf”转换，达到 406 MB 时形成堆。"
"Message",Normal,"正在运行“EventSource”转换，达到 418 MB 时形成堆。"
"Message",Normal,"正在运行“ValueType”转换，达到 418 MB 时形成堆。"
"Message",Normal,"正在运行“Attribute”转换，达到 419 MB 时形成堆。"
"Message",Normal,"正在运行“GetType”转换，达到 419 MB 时形成堆。"
"Message",Normal,"正在运行“McgFixups”转换，达到 421 MB 时形成堆。"
"Message",Normal,"正在运行“ResourceManagerCtor”转换，达到 423 MB 时形成堆。"
"Message",Normal,"正在运行“TypeofTypeHandle”转换，达到 423 MB 时形成堆。"
"Message",Normal,"正在运行“DispatchProxyIntrinsics”转换，达到 432 MB 时形成堆。"
"Message",Normal,"正在运行“StaticInitData”转换，达到 432 MB 时形成堆。"
"Message",Normal,"正在运行“Delegate”转换，达到 451 MB 时形成堆。"
"Message",Normal,"正在运行“LazyGenerics”转换，达到 453 MB 时形成堆。"
"Message",Normal,"正在运行“AddReflectionBlockedAttributes”转换，达到 431 MB 时形成堆。"
"Message",Normal,"正在运行“DisableOptimization”转换，达到 431 MB 时形成堆。"
"Message",Normal,"正在运行“ResourceExtractor”转换，达到 431 MB 时形成堆。"
"Message",Normal,"正在运行“CreateMetadata”转换，达到 433 MB 时形成堆。"
"Message",Normal,"正在运行“StartupCodeInjector”转换，达到 441 MB 时形成堆。"
"Message",Normal,"正在运行“SaveRVAStatics”转换，达到 441 MB 时形成堆。"
"Message",Normal,"正在运行“ReflectionInvoke”转换，达到 443 MB 时形成堆。"
"Message",Normal,"正在运行“ScrubOpenCalls”转换，达到 446 MB 时形成堆。"
"Message",Normal,"正在运行“ConvertCatchIntoFilter”转换，达到 446 MB 时形成堆。"
"Message",Normal,"正在运行“ReflectionMappingInfoEmit”转换，达到 447 MB 时形成堆。"
"Message",Normal,"正在运行“ReflectionIntrinsics”转换，达到 451 MB 时形成堆。"
"Message",Normal,"正在运行“ConvertManagedWinMD”转换，达到 451 MB 时形成堆。"
"Message",Normal,"正在运行“DebuggerGuidedStepThroughJmc”转换，达到 451 MB 时形成堆。"
"Message",Normal,"正在运行“Reducer”转换，达到 458 MB 时形成堆。"
"Message",High,"正在清理未引用的代码"
"Message",Normal,"正在运行“WriteAssemblies”转换，达到 241 MB 时形成堆。"
"Message",Normal,""
"Message",Normal,"转换摘要"
"Message",Normal,"    毫秒 | 堆增量 | 名称"
"Message",Normal,"  8251 |        285 | Analysis"
"Message",Normal,"  3027 |          1 | GenerateCodeAndCompile"
"Message",Normal,"  1359 |        -51 | WriteAssemblies"
"Message",Normal,"  1313 |       -217 | Reducer"
"Message",Normal,"  1018 |         46 | Mcg"
"Message",Normal,"   368 |        -21 | ReducedCopyMethodBodies"
"Message",Normal,"   284 |          8 | CreateMetadata"
"Message",Normal,"   278 |        -39 | ReducedCopyInitialize"
"Message",Normal,"   248 |         18 | ReducedCopyComplete"
"Message",Normal,"   188 |         48 | ReducedCopyPopulateTypes"
"Message",Normal,"   154 |         13 | ReducedCopyLateMetadata"
"Message",Normal,"   153 |        -22 | LazyGenerics"
"Message",Normal,"   121 |         12 | McgTypeOf"
"Message",Normal,"   111 |         16 | DumpNativeResources"
"Message",Normal,"    94 |          6 | McgRedirect"
"Message",Normal,"    69 |          2 | ResourceExtractor"
"Message",Normal,"    67 |          2 | McgRedirect"
"Message",Normal,"    53 |          9 | TypeofTypeHandle"
"Message",Normal,"    53 |         19 | StaticInitData"
"Message",Normal,"    34 |          2 | SaveRVAStatics"
"Message",Normal,"    22 |          2 | GetType"
"Message",Normal,"    16 |          6 | ReducedCopyEmptyTypes"
"Message",Normal,"    14 |          7 | DebuggerGuidedStepThroughJmc"
"Message",Normal,"    12 |          0 | DispatchProxyIntrinsics"
"Message",Normal,"    11 |          0 | ScrubOpenCalls"
"Message",Normal,"    10 |          0 | ReflectionIntrinsics"
"Message",Normal,"     8 |          2 | McgFixups"
"Message",Normal,"     7 |          3 | McgAccessor"
"Message",Normal,"     6 |          3 | ReflectionInvoke"
"Message",Normal,"     4 |          1 | ConvertCatchIntoFilter"
"Message",Normal,"     4 |          2 | Delegate"
"Message",Normal,"     3 |          4 | ReflectionMappingInfoEmit"
"Message",Normal,"     2 |          0 | ReducedCopyCleanup"
"Message",Normal,"     2 |          0 | Attribute"
"Message",Normal,"     2 |          0 | EventSource"
"Message",Normal,"     2 |          2 | ReducedCopyPassResourcesToMutableAssembly"
"Message",Normal,"     1 |          0 | AddReflectionBlockedAttributes"
"Message",Normal,"     1 |          1 | ValueType"
"Message",Normal,"     0 |          0 | ComImportDetector"
"Message",Normal,"     0 |          0 | DisableOptimization"
"Message",Normal,"     0 |          0 | ResourceManagerCtor"
"Message",Normal,"     0 |          0 | StartupCodeInjector"
"Message",Normal,"     0 |          0 | ConvertManagedWinMD"
"Message",Normal,"     0 |          1 | DeveloperExperienceModeOnlyCodeRemover"
"Message",Low,"已完成执行任务 ""RunILTransforms""。"
"Message",Low,"已完成在文件 ""ILTransforms"" 中生成目标 ""RunILTransforms""。"
"Message",Low,"已完成生成项目 ""ILTransforms""。"
"Message",Low,""
"Message",Low,""
"Message",Low,"已完成在文件 ""Nutc"" 中生成目标 ""GenerateMDIL""。"
"Message",Low,""
"Message",High,"正在生成本机代码"
"Message",Low,"已完成在文件 ""Nutc"" 中生成目标 ""MDILPrepareMultiFile""。"
"Message",Low,""
"Message",Low,"已完成在文件 ""Nutc"" 中生成目标 ""SetBinaryForReferences""。"
"Message",Low,""
"Message",Low,"任务 ""GenerateMDILGlobalAnalysis"""
"Message",Normal,"正在启动“C:\Users\37095\.nuget\packages\runtime.win10-x64.microsoft.net.native.compiler\2.2.10-rel-29722-00\tools\x64\ilc\Tools\nutc_driver.exe @""F:\Note优化\Note重构\Note优化版\Note.InkCanvasEx\obj\x64\Release\ilc\intermediate\MDIL\Note.InkCanvasEx.rsp""”"
"Message",Low,"Microsoft (R) MDIL Compiler - Version 2.2.29722.00"
"Message",Low,"Copyright (c) Microsoft Corporation.  All rights reserved."
"Message",Low,"正在扫描输入类型"
"Message",Low,"正在扫描 15891 方法。"
"Message",Low,"正在扫描 11274 方法。"
"Message",Low,"正在扫描 6462 方法。"
"Message",Low,"正在扫描 4990 方法。"
"Message",Low,"正在扫描 3473 方法。"
"Message",Low,"正在扫描 2469 方法。"
"Message",Low,"正在扫描 2463 方法。"
"Message",Low,"正在扫描 1457 方法。"
"Message",Low,"正在扫描 1257 方法。"
"Message",Low,"正在扫描 1067 方法。"
"Message",Low,"正在扫描 805 方法。"
"Message",Low,"正在扫描 626 方法。"
"Message",Low,"正在扫描 503 方法。"
"Message",Low,"正在扫描 439 方法。"
"Message",Low,"正在扫描 446 方法。"
"Message",Low,"正在扫描 287 方法。"
"Message",Low,"正在扫描 132 方法。"
"Message",Low,"正在扫描 126 方法。"
"Message",Low,"正在扫描 56 方法。"
"Message",Low,"正在扫描 16 方法。"
"Message",Low,"正在扫描 14 方法。"
"Message",Low,"正在扫描 2 方法。"
"Message",Low,"正在扫描 6 方法。"
"Message",Low,"正在扫描 12 方法。"
"Message",Low,"正在扫描 14 方法。"
"Message",Low,"正在扫描 13 方法。"
"Message",Low,"迫切生成代码"
"Message",Low,"正在编译 54300 方法。"
"Message",Low,"延迟生成代码"
"Message",Low,"正在编译 7 方法。"
"Message",Low,"正在编译 5 方法。"
"Message",Low,"正在编译 2 方法。"
"Message",Low,"对托管方法 Initialize 的调用成功；退出代码: 0 生成 CTL 时。堆栈跟踪元数据"
"Message",Low,"发出的方法数:   27397"
"Message",Low,"元数据 blob 大小:          623816"
"Message",Low,"方法 RVA - 令牌映射大小: 219176"
"Message",Low,"总本机大小:           842992"
"Message",Low,"已成功生成“F:\Note优化\Note重构\Note优化版\Note.InkCanvasEx\obj\x64\Release\ilc\intermediate\MDIL\Note.InkCanvasEx.mdilexe”"
"Message",Low,"已成功生成“F:\Note优化\Note重构\Note优化版\Note.InkCanvasEx\obj\x64\Release\ilc\intermediate\MDIL\Note.InkCanvasEx.mdilpdb”"
"Message",Low,"已编译为 MDIL 代码。"
"Message",Normal,"“C:\Users\37095\.nuget\packages\runtime.win10-x64.microsoft.net.native.compiler\2.2.10-rel-29722-00\tools\x64\ilc\Tools\nutc_driver.exe @""F:\Note优化\Note重构\Note优化版\Note.InkCanvasEx\obj\x64\Release\ilc\intermediate\MDIL\Note.InkCanvasEx.rsp""”已完成。"
"Message",Normal,"进程执行统计信息(所有时间均以毫秒为单位)"
"Message",Normal,"-----------------------------------------------------------------------------"
"Message",Normal,"启动 | 开始 | 停止 | 结束 | 持续时间 | 生存期 | [槽] 名称"
"Message",Normal,"-----------------------------------------------------------------------------"
"Message",Normal,"       0 |       15 |    17343 |    17343 |    17328 |    17343 | [0] Nutc GlobalAnalysis"
"Message",Normal,"命令数:      1"
"Message",Normal,"总系统时间:       17343 毫秒"
"Message",Normal,"每命令系统时间: 17343 毫秒"
"Message",Normal,"总持续时间:          17328 毫秒"
"Message",Normal,"总生存时间:          17343 毫秒"
"Message",Normal,"请求的 DOP:           20"
"Message",Normal,"持续时间 DOP:            1.0"
"Message",Normal,"生存时间 DOP:            1.0"
"Message",Low,"已完成执行任务 ""GenerateMDILGlobalAnalysis""。"
"Message",Low,"已完成在文件 ""Nutc"" 中生成目标 ""GenerateMDILGlobalAnalysis""。"
"Message",Low,""
"Message",Low,"任务 ""rc"""
"Message",Normal,"正在启动“C:\Program Files (x86)\Windows Kits\10\bin\10.0.19041.0\x64\rc.exe /c ""65001"" /r /fo ""F:\Note优化\Note重构\Note优化版\Note.InkCanvasEx\obj\x64\Release\ilc\intermediate\BuildInfo\BuildInfo.res"" ""F:\Note优化\Note重构\Note优化版\Note.InkCanvasEx\obj\x64\Release\ilc\intermediate\BuildInfo\BuildInfo.rc""”"
"Message",Low,"Microsoft (R) Windows (R) Resource Compiler Version 10.0.10011.16384"
"Message",Low,"Copyright (C) Microsoft Corporation.  All rights reserved."
"Message",Normal,"“C:\Program Files (x86)\Windows Kits\10\bin\10.0.19041.0\x64\rc.exe /c ""65001"" /r /fo ""F:\Note优化\Note重构\Note优化版\Note.InkCanvasEx\obj\x64\Release\ilc\intermediate\BuildInfo\BuildInfo.res"" ""F:\Note优化\Note重构\Note优化版\Note.InkCanvasEx\obj\x64\Release\ilc\intermediate\BuildInfo\BuildInfo.rc""”已完成。"
"Message",Normal,"进程执行统计信息(所有时间均以毫秒为单位)"
"Message",Normal,"-----------------------------------------------------------------------------"
"Message",Normal,"启动 | 开始 | 停止 | 结束 | 持续时间 | 生存期 | [槽] 名称"
"Message",Normal,"-----------------------------------------------------------------------------"
"Message",Normal,"       0 |       16 |       16 |       16 |        0 |       16 | [0] rc"
"Message",Normal,"命令数:      1"
"Message",Normal,"总系统时间:       16 毫秒"
"Message",Normal,"每命令系统时间: 16 毫秒"
"Message",Normal,"总持续时间:          0 毫秒"
"Message",Normal,"总生存时间:          16 毫秒"
"Message",Normal,"请求的 DOP:           20"
"Message",Normal,"持续时间 DOP:            0.0"
"Message",Normal,"生存时间 DOP:            1.0"
"Message",Low,"已完成执行任务 ""rc""。"
"Message",Low,"任务 ""ResourceBinaryConcatenate"""
"Message",Normal,"正在用对齐值“4”连接到“F:\Note优化\Note重构\Note优化版\Note.InkCanvasEx\obj\x64\Release\ilc\intermediate\Native.res”。"
"Message",Normal,"在偏移量 0 处添加了“F:\Note优化\Note重构\Note优化版\Note.InkCanvasEx\obj\x64\Release\ilc\intermediate\ILTransformed\Note.InkCanvasEx.res”。"
"Message",Normal,"在偏移量 1448 处添加了“F:\Note优化\Note重构\Note优化版\Note.InkCanvasEx\obj\x64\Release\ilc\intermediate\BuildInfo\BuildInfo.res”。"
"Message",Low,"已完成执行任务 ""ResourceBinaryConcatenate""。"
"Message",Low,"已完成在文件 ""Nutc"" 中生成目标 ""GenerateBuildInfo""。"
"Message",Low,"已完成生成项目 ""Nutc""。"
"Message",Low,""
"Message",Low,""
"Message",Low,"已完成在文件 ""Binder"" 中生成目标 ""MDILBindPrepare""。"
"Message",Low,""
"Message",High,"正在生成本机代码的链接地址信息"
"Message",Low,"任务 ""MDILBind"""
"Message",Normal,"正在启动“C:\Users\37095\.nuget\packages\runtime.win10-x64.microsoft.net.native.compiler\2.2.10-rel-29722-00\tools\x64\ilc\Tools\rhbind.exe @""F:\Note优化\Note重构\Note优化版\Note.InkCanvasEx\obj\x64\Release\ilc\intermediate\rhbindargs.Note.InkCanvasEx.rsp""”"
"Message",Low,"操作系统版本: 主版本: 6 次版本: 2"
"Message",Low,"MDIL: F:\Note优化\Note重构\Note优化版\Note.InkCanvasEx\obj\x64\Release\ilc\intermediate\MDIL\Note.InkCanvasEx.mdilexe"
"Message",Low,"MDILPDB: F:\Note优化\Note重构\Note优化版\Note.InkCanvasEx\obj\x64\Release\ilc\intermediate\MDIL\Note.InkCanvasEx.mdilpdb"
"Message",Low,"IL: F:\Note优化\Note重构\Note优化版\Note.InkCanvasEx\obj\x64\Release\ilc\intermediate\MDIL\Note.InkCanvasEx.ilexe"
"Message",Low,"NI: F:\Note优化\Note重构\Note优化版\Note.InkCanvasEx\obj\x64\Release\ilc\intermediate\Native\Note.InkCanvasEx.dll"
"Message",Low,"填充码: F:\Note优化\Note重构\Note优化版\Note.InkCanvasEx\obj\x64\Release\ilc\intermediate\Native\Note.InkCanvasEx.exe"
"Message",Low,"REDHAWK_RUNTIME_DLL_NAME_A=mrt100_app.dll"
"Message",Low,"pdb: F:\Note优化\Note重构\Note优化版\Note.InkCanvasEx\obj\x64\Release\ilc\intermediate\Native\Note.InkCanvasEx.pdb"
"Message",Low,"生成了 F:\Note优化\Note重构\Note优化版\Note.InkCanvasEx\obj\x64\Release\ilc\intermediate\Native\Note.InkCanvasEx.dll (2.326 秒内)"
"Message",Normal,"“C:\Users\37095\.nuget\packages\runtime.win10-x64.microsoft.net.native.compiler\2.2.10-rel-29722-00\tools\x64\ilc\Tools\rhbind.exe @""F:\Note优化\Note重构\Note优化版\Note.InkCanvasEx\obj\x64\Release\ilc\intermediate\rhbindargs.Note.InkCanvasEx.rsp""”已完成。"
"Message",Normal,"进程执行统计信息(所有时间均以毫秒为单位)"
"Message",Normal,"-----------------------------------------------------------------------------"
"Message",Normal,"启动 | 开始 | 停止 | 结束 | 持续时间 | 生存期 | [槽] 名称"
"Message",Normal,"-----------------------------------------------------------------------------"
"Message",Normal,"       0 |        0 |     2375 |     2375 |     2375 |     2375 | [0] rhbind Note.InkCanvasEx"
"Message",Normal,"命令数:      1"
"Message",Normal,"总系统时间:       2375 毫秒"
"Message",Normal,"每命令系统时间: 2375 毫秒"
"Message",Normal,"总持续时间:          2375 毫秒"
"Message",Normal,"总生存时间:          2375 毫秒"
"Message",Normal,"请求的 DOP:           20"
"Message",Normal,"持续时间 DOP:            1.0"
"Message",Normal,"生存时间 DOP:            1.0"
"Message",Low,"已完成执行任务 ""MDILBind""。"
"Message",Low,"已完成在文件 ""Binder"" 中生成目标 ""MDILBind""。"
"Message",Low,"已完成生成项目 ""Binder""。"
"Message",Low,""
"Message",Low,""
"Message",Low,"已完成在文件 ""Deployment"" 中生成目标 ""CopyNativeExecutablesToOutput""。"
"Message",Low,""
"Message",Low,"任务 ""TransformAppxManifest"""
"Message",Low,"已完成执行任务 ""TransformAppxManifest""。"
"Message",Low,"已完成在文件 ""Deployment"" 中生成目标 ""TransformAppxManifestAndAddCrt""。"
"Message",Low,""
"Message",Low,"已完成在文件 ""Deployment"" 中生成目标 ""CopyPackageResourceFileInRetailBuild""。"
"Message",Low,"已完成生成项目 ""Deployment""。"
"Message",Low,"编译已完成"
